date,ticker,entry_index,hold_net,early_5d_net,delta,target_hit
2026-05-01,MSFT,188,0.09203703163726495,0.006699032900811643,0.08533799873645331,False
2026-05-01,OKTA,188,0.19799999999999995,0.10720148069804347,0.09079851930195648,True
2026-05-05,EMR,190,-0.0015774647887323284,-0.03523943661971829,0.03366197183098596,False
2026-05-06,CARR,191,-0.022705745115193965,-0.04589034703995343,0.023184601924759463,False
2026-05-06,ETN,191,-0.057035799522673014,-0.03078281622911694,-0.026252983293556076,False
2026-05-07,DOCU,192,0.19799999999999995,-0.03842524354087251,0.23642524354087247,True
2026-05-07,INTU,192,-0.2517345401223644,-0.04561126561156903,-0.20612327451079537,False
2026-05-07,PAYC,192,0.004361974405850068,-0.02496160877513698,0.029323583180987045,False
2026-05-07,PLTR,192,0.19799999999999995,-0.017714127994700735,0.2157141279947007,True
2026-05-07,SHOP,192,-0.010149221296631537,-0.11989206809127129,0.10974284679463975,False
2026-05-08,AVGO,193,-0.09995025899465637,-0.0076709890906539995,-0.09227926990400237,False
2026-05-11,GEV,194,-0.1793339658444022,-0.04161100569259957,-0.13772296015180263,False
2026-05-11,PWR,194,-0.15376314211994058,-0.05979405249029168,-0.0939690896296489,False
2026-05-11,TT,194,-0.05402946577453194,-0.030178229942799173,-0.023851235831732764,False
2026-05-11,VRT,194,-0.22435137827964124,-0.061753127421676046,-0.1625982508579652,False
2026-05-12,APH,195,0.19799999999999995,-0.0847241246633319,0.28272412466333185,True
2026-05-13,GOOGL,196,-0.09664357631896892,-0.023068264196536292,-0.07357531212243262,False
2026-05-13,HPE,196,0.19799999999999995,0.0009673590504448732,0.19703264094955508,True
2026-05-14,CRM,197,0.19799999999999995,0.03971344165435742,0.15828655834564254,True
2026-05-14,IBM,197,0.19799999999999995,0.15734922089825853,0.04065077910174142,True
2026-05-14,NOW,197,0.19799999999999995,0.08052796177652288,0.11747203822347707,True
2026-05-14,SMCI,197,0.19799999999999995,0.056860759493670754,0.1411392405063292,True
2026-05-14,TWLO,197,0.19799999999999995,-0.07525951767025629,0.27325951767025625,True
2026-05-18,ADI,199,0.010928927558901071,0.024346661452732343,-0.013417733893831272,False
2026-05-18,CRUS,199,0.01642790875007938,0.13099866556522843,-0.11457075681514906,False
2026-05-19,NEE,200,-0.0382717324890296,-0.02827339887796476,-0.009998333611064836,False
2026-05-20,AMAT,201,0.19799999999999995,0.05810349257988845,0.1398965074201115,True
2026-05-20,ENTG,201,0.19799999999999995,0.08210336726703216,0.1158966327329678,True
2026-05-20,FLEX,201,0.19799999999999995,0.10872770493060346,0.08927229506939649,True
2026-05-20,GLW,201,0.068989010989011,0.003329670329670355,0.06565934065934065,False
2026-05-20,KLAC,201,0.19799999999999995,0.05195445474179161,0.14604554525820834,True
2026-05-20,LRCX,201,0.19799999999999995,0.08456655220132214,0.11343344779867781,True
2026-05-20,MPWR,201,0.016166427920302207,0.06140018231540578,-0.045233754395103576,False
2026-05-20,NRG,201,0.013183403487672997,0.03152375225496096,-0.01834034876728796,False
2026-05-20,ON,201,0.19799999999999995,0.13308804108583994,0.06491195891416002,True
2026-05-20,ONTO,201,0.19799999999999995,-0.007533141210374626,0.20553314121037458,True
2026-05-20,ROK,201,0.09324029681684753,0.04934191728888804,0.0438983795279595,False
2026-05-20,STX,201,0.19799999999999995,0.1668930474540955,0.031106952545904454,True
2026-05-20,VST,201,0.12366164844985228,0.09980793290712864,0.02385371554272364,False
2026-05-29,CEG,207,-0.04192727272727281,-0.0753454545454545,0.03341818181818168,False
2026-06-01,SNPS,208,-0.06604052467928268,-0.02701904742293515,-0.039021477256347525,False
2026-06-02,DLR,209,-0.08102428654939675,-0.019218472657703045,-0.061805813891693706,False
2026-06-02,FIX,209,-0.07798832581586634,-0.030092332183603077,-0.04789599363226327,False
2026-06-02,MCHP,209,-0.1261268691467895,-0.05544854348838424,-0.07067832565840526,False
2026-06-02,NXPI,209,-0.15384610611231775,-0.07922618678250071,-0.07461991932981704,False
2026-06-02,QRVO,209,-0.15188836035336384,-0.0512185224735463,-0.10066983787981754,False
2026-06-02,SWKS,209,-0.210051142477372,-0.07080182290018355,-0.13924931957718845,False
2026-06-02,TER,209,0.19799999999999995,-0.07200000000000006,0.27,True
2026-06-02,TXN,209,-0.05241472265422498,-0.06683281493001558,0.014418092275790606,False
2026-06-03,META,210,-0.0673711097214873,-0.08648378148700431,0.01911267176551701,False
2026-06-04,ADBE,211,-0.15457636531934582,-0.15812465288491195,0.003548287565566133,False
2026-06-08,AMD,213,0.027149676777722398,0.0865330681253107,-0.0593833913475883,False
2026-06-08,ETN,213,-0.020280098280098247,-0.0018525798525799147,-0.01842751842751833,False
2026-06-08,INTU,213,-0.09227081243731194,-0.05994048813106001,-0.032330324306251934,False
2026-06-08,MU,213,0.19799999999999995,0.09900943658764905,0.09899056341235091,True
2026-06-09,OKTA,214,0.19799999999999995,-0.01162521294718921,0.20962521294718917,True
2026-06-10,DDOG,215,0.1243995801259623,-0.01079111266620014,0.13519069279216245,False
2026-06-10,FTNT,215,0.11501297780299269,0.0201970073044464,0.09481597049854629,False
2026-06-10,LITE,215,-0.07267207415990729,0.006088064889918867,-0.07876013904982615,False
2026-06-10,PANW,215,0.19799999999999995,0.07897856280771665,0.11902143719228331,True
2026-06-11,AVGO,216,0.04034858751172732,0.07000562910455543,-0.029657041592828115,False
2026-06-11,DELL,216,0.1277922077922078,0.06163636363636371,0.06615584415584408,False
2026-06-11,GEV,216,0.19799999999999995,0.22084297520661167,-0.022842975206611715,True
2026-06-11,JBL,216,-0.13144122298365835,-0.02182076963626778,-0.10962045334739057,False
2026-06-11,PWR,216,-0.044818522717362974,0.01868253829830535,-0.06350106101566833,False
2026-06-11,QCOM,216,-0.06486846668318058,0.1181882586078773,-0.18305672529105788,False
2026-06-11,WDC,216,0.19799999999999995,0.37483352091366995,-0.17683352091367,True
2026-06-12,APP,217,-0.00694602551521095,-0.0807242394504416,0.07377821393523065,False
2026-06-12,ZM,217,-0.045376318874560284,-0.10314036022594053,0.057764041351380246,False
2026-06-18,ADI,221,-0.1445242718446602,-0.11813934894346079,-0.026384922901199426,False
2026-06-18,AMZN,221,0.02778173942019313,-0.032781406197934126,0.060563145618127256,False
2026-06-18,COHR,221,-0.2992863507492912,-0.03865451599837999,-0.26063183475091123,False
2026-06-18,CRUS,221,-0.1772047342937414,-0.12627521071193737,-0.050929523581804026,False
2026-06-18,NTAP,221,0.023531914893616834,-0.04799499374217786,0.0715269086357947,False
2026-06-18,NVDA,221,-0.042815361331819846,-0.09143435489973517,0.048618993567915325,False
2026-06-18,SMCI,221,-0.2540832173412765,-0.054576879535289446,-0.19950633780598703,False
2026-06-22,IBM,222,-0.215357290312715,0.060772383209725556,-0.27612967352244056,False
2026-06-23,CRM,223,0.03172636848692445,0.02994782952374675,0.0017785389631777004,False
2026-06-23,NOW,223,0.19799999999999995,0.05417021276595735,0.1438297872340426,True
2026-06-23,TWLO,223,0.19799999999999995,0.08969312169312182,0.10830687830687813,True
2026-06-24,MELI,224,0.0812471437161757,0.04561876127480469,0.03562838244137101,False
2026-06-25,ANET,225,0.08584544204076527,-0.0016873827685381908,0.08753282480930347,False
2026-06-25,EMR,225,0.028222841225626683,-0.033685236768802085,0.06190807799442877,False
2026-06-25,FLEX,225,-0.250771829735983,-0.134483914931381,-0.11628791480460199,False
2026-06-25,KEYS,225,-0.10291976074935105,-0.1164904638302674,0.013570703080916346,False
2026-06-25,KLAC,225,0.19799999999999995,-0.04744809839320807,0.24544809839320803,True
2026-06-25,STX,225,-0.14567729416141317,-0.17737879930423595,0.03170150514282277,False
2026-06-25,VRT,225,-0.0772866242038216,-0.044898089171974576,-0.03238853503184702,False
2026-06-26,AAPL,226,0.15944107697136656,0.08843350887594603,0.07100756809542053,False
2026-06-26,MSFT,226,0.009125827814569611,0.022476821192052965,-0.013350993377483354,False
2026-06-26,PLTR,226,0.05555828959821052,0.1383252172416758,-0.08276692764346527,False
2026-06-29,CSCO,227,-0.03882137352286352,-0.04472991950676486,0.0059085459839013366,False
2026-06-30,MPWR,228,-0.023347470796868164,-0.023845652804318607,0.0004981820074504428,False
2026-06-30,ON,228,-0.09178260869565225,0.01745652173913048,-0.10923913043478273,False
2026-07-02,CEG,230,0.08630716978006037,0.03921277388891187,0.0470943958911485,False
2026-07-06,FIX,231,-0.00809389751952627,-0.010937716361971826,0.0028438188424455557,False
2026-07-06,HPE,231,0.19799999999999995,0.08535182414547138,0.11264817585452858,True
2026-07-06,MCHP,231,-0.07548737494044766,0.0012158170557410326,-0.07670319199618869,False
2026-07-06,NXPI,231,-0.14334472511144125,0.03213818722139683,-0.17548291233283808,False
2026-07-06,ORCL,231,0.002661842471472166,-0.08674812134706378,0.08940996381853594,False
2026-07-08,CIEN,233,-0.10666782457663926,-0.09348936170212774,-0.01317846287451152,False
2026-07-08,ONTO,233,-0.01899454771546083,-0.030377387367279796,0.011382839651818966,False
2026-07-09,APH,234,0.04516513988611037,-0.054116860609061734,0.0992820004951721,False
2026-07-09,QRVO,234,0.16330432225815916,-0.019935901205527906,0.18324022346368707,False
2026-07-14,AMAT,237,-0.12625046692224517,-0.07708437366886212,-0.04916609325338306,False
2026-07-14,DELL,237,0.07432034302255985,-0.1223517287161685,0.19667207173872836,False
2026-07-14,ENTG,237,0.12905019678243446,-0.03417565421528701,0.16322585099772147,False
2026-07-14,GLW,237,-0.15237513397642022,-0.1316355841371919,-0.020739549839228322,False
2026-07-14,JBL,237,0.12030303030303036,-0.03554545454545455,0.1558484848484849,False
2026-07-14,LITE,237,0.07965120707660156,0.027006695742981535,0.052644511333620025,False
2026-07-14,LRCX,237,-0.058655003498950364,-0.10067039888033591,0.042015395381385545,False
2026-07-14,MU,237,-0.028619047863046365,-0.007108602640896409,-0.021510445222149954,False
2026-07-14,PWR,237,0.01117711549176992,-0.03939288887550252,0.050570004367272436,False
2026-07-14,TER,237,0.1501751333146224,0.047789503227617214,0.10238563008700519,False
2026-07-14,WDC,237,-0.13592222380207586,-0.027327029717048257,-0.1085951940850276,False
2026-07-15,DLR,238,0.13982212333846777,0.01579907581721729,0.12402304752125048,False
2026-07-15,SWKS,238,0.19799999999999995,0.11271937875044125,0.08528062124955871,True
2026-07-16,INTU,239,0.19799999999999995,-0.047984412063707405,0.24598441206370736,True
2026-07-17,QCOM,240,-0.057596696097977906,-0.050874964397607636,-0.00672173170037027,False
2026-07-20,AMD,241,-0.11526996197718631,-0.06103041825095057,-0.05423954372623574,False
2026-07-20,APP,241,-0.2604170464578013,-0.01717573790832505,-0.24324130854947623,False
2026-07-20,GOOGL,241,-0.02078629169987467,-0.07247705795286341,0.05169076625298874,False
2026-07-20,NRG,241,-0.09223690961219255,0.02787777274784986,-0.12011468236004241,False
2026-07-20,TXN,241,-0.09878835567863298,-0.058397960217486666,-0.04039039546114631,False
2026-07-21,CDNS,242,-0.0771194478853301,0.014693210641184564,-0.09181265852651466,False
2026-07-21,SMCI,242,0.19799999999999995,-0.017230183454482573,0.21523018345448253,True
2026-07-21,SNPS,242,0.021930832175389936,-0.014351397251814111,0.03628222942720405,False
2026-07-23,COHR,244,0.19799999999999995,-0.18807843137254898,0.38607843137254894,True
2026-07-23,GEV,244,-0.06647528585884754,-0.04190535737855572,-0.024569928480291825,False
2026-07-23,TWLO,244,0.19799999999999995,0.013098351940457277,0.18490164805954268,True
2026-07-24,ADBE,245,0.19799999999999995,0.08489613264464602,0.11310386735535394,True
2026-07-24,CRM,245,0.19799999999999995,0.09335714285714292,0.10464285714285704,True
2026-07-24,DOCU,245,0.19799999999999995,0.05751690821256039,0.14048309178743956,True
2026-07-24,NOW,245,0.19799999999999995,0.08988181015019148,0.10811818984980848,True
2026-07-24,OKTA,245,-0.048698645598194146,-0.0008007900677200457,-0.0478978555304741,False
2026-07-24,PAYC,245,0.19799999999999995,0.09766465459423213,0.10033534540576783,True
2026-07-24,ZM,245,0.19799999999999995,0.06414138275441128,0.13385861724558867,True
2026-07-27,UBER,246,0.13372565475329168,0.034174215019534104,0.09955143973375757,False
2026-07-29,STX,248,-0.05792153917921061,-0.048933133085298786,-0.008988406093911827,False
2026-07-30,ADI,249,-0.0350874492195854,0.006418858242463134,-0.04150630746204853,False
2026-07-30,ANET,249,0.19799999999999995,0.08088288288288292,0.11711711711711703,True
2026-07-30,AVGO,249,-0.06795243522528671,0.06317995086492934,-0.13113238609021605,False
2026-07-30,EME,249,-0.11968983192275606,-0.0383213732268447,-0.08136845869591136,False
2026-07-30,EQIX,249,-0.015329932358387087,-0.0073470883875600395,-0.007982843970827047,False
2026-07-30,ETN,249,-0.04300000000000004,0.06511904761904752,-0.10811904761904756,False
2026-07-30,FLEX,249,-0.0648445424476295,0.03820015265880761,-0.1030446951064371,False
2026-07-30,KEYS,249,-0.009537220843672254,0.04316129032258065,-0.052698511166252904,False
2026-07-30,MPWR,249,-0.16393462308205475,-0.09534222815210147,-0.06859239492995328,False
2026-07-30,MRVL,249,0.19799999999999995,0.05400000000000005,0.1439999999999999,True
2026-07-30,ON,249,-0.16296602727062637,-0.09686942454356373,-0.06609660272706264,False
2026-07-30,VST,249,-0.09920118538030942,-0.07094962133684557,-0.02825156404346385,False
2026-07-31,META,250,0.026066306203756273,0.05110899260102442,-0.025042686397268143,False
2026-07-31,TT,250,-0.016941746933760493,0.05623112534831165,-0.07317287228207214,False
2026-08-04,NXPI,252,-0.04467721896008847,0.003786741553910346,-0.048463960513998816,False
2026-08-04,SHOP,252,-0.029466666666666752,0.015400000000000082,-0.04486666666666683,False
2026-08-06,KLAC,254,-0.06453156884533795,0.05553106374381267,-0.12006263258915062,False
2026-08-07,MCHP,255,-0.13492027121814365,-0.07646808510638303,-0.05845218611176062,False
2026-08-07,ONTO,255,-0.15386708860759502,0.04771518987341761,-0.20158227848101262,False
2026-08-07,PLTR,255,0.017414069352669648,0.01571826208993632,0.0016958072627333287,False
2026-08-12,CIEN,258,-0.1897207659416248,-0.07369083472764448,-0.11602993121398031,False
2026-08-17,AMAT,261,-0.1833075270512644,-0.04768657981354829,-0.13562094723771612,False
2026-08-18,ADSK,262,-0.10553028004428222,0.02801353069006529,-0.1335438107343475,False
2026-08-18,FTNT,262,0.09048591504716086,-0.029283661454706622,0.11976957650186748,False
2026-08-18,IBM,262,0.021637303022474796,0.006309652975114101,0.015327650047360695,False
2026-08-18,INTU,262,-0.1056012824916982,0.021302416122752632,-0.12690369861445083,False
2026-08-19,CEG,263,-0.07053172426403354,0.020197842384348075,-0.09072956664838161,False
2026-08-19,CRUS,263,0.005888709814233508,-0.06604275171770291,0.07193146153193641,False
2026-08-19,MELI,263,-0.060158038951184545,0.0257590422392715,-0.08591708119045605,False
2026-08-19,NRG,263,-0.13787862620873625,-0.03384394798266088,-0.10403467822607537,False
2026-08-19,QCOM,263,0.08730432117683118,0.00149371743794058,0.0858106037388906,False
2026-08-19,SWKS,263,0.19799999999999995,-0.02142890785987628,0.21942890785987623,True
2026-08-21,APH,265,-0.001354838709677562,0.015677419354838795,-0.01703225806451636,False
2026-08-21,DELL,265,0.19799999999999995,0.039144656671459055,0.1588553433285409,True
2026-08-21,FFIV,265,0.13092599779724123,0.03182807992867276,0.09909791786856847,False
2026-08-21,HPE,265,0.14441509433962252,-0.015018867924528221,0.15943396226415074,False
