week_start,first_session,last_session,sessions,route,algorithm,signals,tp,fp,pending,precision,ci_lower,ci_upper,abstentions,baseline,lift
2026-04-27,2026-05-01,2026-05-01,1,hazard_linear,LogisticRegression,1,1,0,0,1.0,0.20654931437723745,1.0,137,0.5527742287522014,0.4472257712477986
2026-04-27,2026-05-01,2026-05-01,1,relative_flow,LightGBM,0,0,0,0,,,,138,,
2026-04-27,2026-05-01,2026-05-01,1,recovery_forest,ExtraTrees,1,1,0,0,1.0,0.20654931437723745,1.0,137,0.5527742287522014,0.4472257712477986
2026-05-04,2026-05-04,2026-05-08,5,hazard_linear,LogisticRegression,0,0,0,0,,,,690,,
2026-05-04,2026-05-04,2026-05-08,5,relative_flow,LightGBM,0,0,0,0,,,,690,,
2026-05-04,2026-05-04,2026-05-08,5,recovery_forest,ExtraTrees,5,4,1,0,0.8,0.37553462976252533,0.9637758913675698,685,0.5500883960938193,0.24991160390618072
2026-05-11,2026-05-11,2026-05-15,5,hazard_linear,LogisticRegression,1,1,0,0,1.0,0.20654931437723745,1.0,689,0.5527742287522014,0.4472257712477986
2026-05-11,2026-05-11,2026-05-15,5,relative_flow,LightGBM,0,0,0,0,,,,690,,
2026-05-11,2026-05-11,2026-05-15,5,recovery_forest,ExtraTrees,8,6,2,0,0.75,0.40927543031016883,0.9285207872478909,682,0.4965300558685195,0.2534699441314805
2026-05-18,2026-05-18,2026-05-22,5,hazard_linear,LogisticRegression,0,0,0,0,,,,690,,
2026-05-18,2026-05-18,2026-05-22,5,relative_flow,LightGBM,0,0,0,0,,,,690,,
2026-05-18,2026-05-18,2026-05-22,5,recovery_forest,ExtraTrees,9,6,3,0,0.6666666666666666,0.3542021355803963,0.879416181613089,681,0.4810651460540363,0.18560152061263036
2026-05-25,2026-05-26,2026-05-29,4,hazard_linear,LogisticRegression,0,0,0,0,,,,552,,
2026-05-25,2026-05-26,2026-05-29,4,relative_flow,LightGBM,0,0,0,0,,,,552,,
2026-05-25,2026-05-26,2026-05-29,4,recovery_forest,ExtraTrees,5,2,3,0,0.4,0.11762077423264783,0.769275718723987,547,0.5114849962545767,-0.11148499625457664
2026-06-01,2026-06-01,2026-06-05,5,hazard_linear,LogisticRegression,0,0,0,0,,,,690,,
2026-06-01,2026-06-01,2026-06-05,5,relative_flow,LightGBM,0,0,0,0,,,,690,,
2026-06-01,2026-06-01,2026-06-05,5,recovery_forest,ExtraTrees,4,4,0,0,1.0,0.5101091635454027,1.0,686,0.5538488909176293,0.44615110908237066
2026-06-08,2026-06-08,2026-06-12,5,hazard_linear,LogisticRegression,0,0,0,0,,,,690,,
2026-06-08,2026-06-08,2026-06-12,5,relative_flow,LightGBM,0,0,0,0,,,,690,,
2026-06-08,2026-06-08,2026-06-12,5,recovery_forest,ExtraTrees,3,1,2,0,0.3333333333333333,0.06149194472039621,0.7923403991979522,687,0.4738131521248355,-0.14047981879150218
2026-06-15,2026-06-15,2026-06-18,4,hazard_linear,LogisticRegression,0,0,0,0,,,,552,,
2026-06-15,2026-06-15,2026-06-18,4,relative_flow,LightGBM,0,0,0,0,,,,552,,
2026-06-15,2026-06-15,2026-06-18,4,recovery_forest,ExtraTrees,1,1,0,0,1.0,0.20654931437723745,1.0,551,0.6003829303735267,0.39961706962647325
2026-06-22,2026-06-22,2026-06-26,5,hazard_linear,LogisticRegression,0,0,0,0,,,,690,,
2026-06-22,2026-06-22,2026-06-26,5,relative_flow,LightGBM,0,0,0,0,,,,690,,
2026-06-22,2026-06-22,2026-06-26,5,recovery_forest,ExtraTrees,1,1,0,0,1.0,0.20654931437723745,1.0,689,0.6291769798003943,0.37082302019960567
2026-06-29,2026-06-29,2026-07-02,4,hazard_linear,LogisticRegression,1,0,1,0,0.0,0.0,0.7934506856227626,551,0.48354079396973515,-0.48354079396973515
2026-06-29,2026-06-29,2026-07-02,4,relative_flow,LightGBM,5,3,2,0,0.6,0.2307242812760128,0.882379225767352,547,0.4209174674029598,0.17908253259704016
2026-06-29,2026-06-29,2026-07-02,4,recovery_forest,ExtraTrees,0,0,0,0,,,,552,,
2026-07-06,2026-07-06,2026-07-10,5,hazard_linear,LogisticRegression,3,3,0,0,1.0,0.4385029682449546,1.0,687,0.5325538161153199,0.46744618388468007
2026-07-06,2026-07-06,2026-07-10,5,relative_flow,LightGBM,25,18,7,0,0.72,0.5242339480963842,0.8571614614904344,665,0.4317615284426987,0.28823847155730126
2026-07-06,2026-07-06,2026-07-10,5,recovery_forest,ExtraTrees,3,2,1,0,0.6666666666666666,0.2076596008020477,0.9385080552796037,687,0.5037425907879525,0.16292407587871416
2026-07-13,2026-07-13,2026-07-17,5,hazard_linear,LogisticRegression,2,2,0,0,1.0,0.34238022750665303,1.0,688,0.5565791794592367,0.44342082054076326
2026-07-13,2026-07-13,2026-07-17,5,relative_flow,LightGBM,34,26,8,0,0.7647058823529411,0.6000386207746361,0.8756301446736042,656,0.4093759872305702,0.3553298951223709
2026-07-13,2026-07-13,2026-07-17,5,recovery_forest,ExtraTrees,1,1,0,0,1.0,0.20654931437723745,1.0,689,0.5934206895588179,0.4065793104411821
2026-07-20,2026-07-20,2026-07-24,5,hazard_linear,LogisticRegression,0,0,0,0,,,,690,,
2026-07-20,2026-07-20,2026-07-24,5,relative_flow,LightGBM,4,3,1,0,0.75,0.30064184258240184,0.9544127391902995,686,0.5605561113767399,0.18944388862326011
2026-07-20,2026-07-20,2026-07-24,5,recovery_forest,ExtraTrees,0,0,0,0,,,,690,,
2026-07-27,2026-07-27,2026-07-31,5,hazard_linear,LogisticRegression,4,2,2,0,0.5,0.15003898915214947,0.8499610108478506,686,0.2934826189806451,0.2065173810193549
2026-07-27,2026-07-27,2026-07-31,5,relative_flow,LightGBM,20,9,11,0,0.45,0.2581978582556243,0.6579146575496577,670,0.3979290865955725,0.05207091340442749
2026-07-27,2026-07-27,2026-07-31,5,recovery_forest,ExtraTrees,2,0,2,0,0.0,0.0,0.6576197724933469,688,0.6144148699077302,-0.6144148699077302
2026-08-03,2026-08-03,2026-08-07,5,hazard_linear,LogisticRegression,0,0,0,0,,,,690,,
2026-08-03,2026-08-03,2026-08-07,5,relative_flow,LightGBM,1,1,0,0,1.0,0.20654931437723745,1.0,689,0.5983384887631328,0.4016615112368672
2026-08-03,2026-08-03,2026-08-07,5,recovery_forest,ExtraTrees,17,17,0,0,1.0,0.8156818649911483,1.0,673,0.46594822237008193,0.5340517776299181
2026-08-10,2026-08-10,2026-08-14,5,hazard_linear,LogisticRegression,0,0,0,0,,,,690,,
2026-08-10,2026-08-10,2026-08-14,5,relative_flow,LightGBM,0,0,0,0,,,,690,,
2026-08-10,2026-08-10,2026-08-14,5,recovery_forest,ExtraTrees,12,9,3,0,0.75,0.46769466506643426,0.9110583316059453,678,0.4963876903057098,0.2536123096942902
2026-08-17,2026-08-17,2026-08-21,5,hazard_linear,LogisticRegression,0,0,0,0,,,,690,,
2026-08-17,2026-08-17,2026-08-21,5,relative_flow,LightGBM,5,2,3,0,0.4,0.11762077423264783,0.769275718723987,685,0.5272116095113296,-0.1272116095113296
2026-08-17,2026-08-17,2026-08-21,5,recovery_forest,ExtraTrees,7,3,4,0,0.42857142857142855,0.15821985525146975,0.7495416354723428,683,0.5372991188646505,-0.10872769029322199
2026-08-24,2026-08-24,2026-08-28,5,hazard_linear,LogisticRegression,0,0,0,0,,,,690,,
2026-08-24,2026-08-24,2026-08-28,5,relative_flow,LightGBM,1,0,1,0,0.0,0.0,0.7934506856227626,689,0.624081548791343,-0.624081548791343
2026-08-24,2026-08-24,2026-08-28,5,recovery_forest,ExtraTrees,2,2,0,0,1.0,0.34238022750665303,1.0,688,0.5155790444380178,0.48442095556198217
2026-08-31,2026-08-31,2026-09-04,5,hazard_linear,LogisticRegression,0,0,0,0,,,,690,,
2026-08-31,2026-08-31,2026-09-04,5,relative_flow,LightGBM,0,0,0,0,,,,690,,
2026-08-31,2026-08-31,2026-09-04,5,recovery_forest,ExtraTrees,3,1,2,0,0.3333333333333333,0.06149194472039621,0.7923403991979522,687,0.5295687125114624,-0.1962353791781291
2026-09-07,2026-09-08,2026-09-11,4,hazard_linear,LogisticRegression,0,0,0,0,,,,552,,
2026-09-07,2026-09-08,2026-09-11,4,relative_flow,LightGBM,0,0,0,0,,,,552,,
2026-09-07,2026-09-08,2026-09-11,4,recovery_forest,ExtraTrees,3,1,2,0,0.3333333333333333,0.06149194472039621,0.7923403991979522,549,0.5602059516602172,-0.22687261832688393
2026-09-14,2026-09-14,2026-09-18,5,hazard_linear,LogisticRegression,0,0,0,0,,,,690,,
2026-09-14,2026-09-14,2026-09-18,5,relative_flow,LightGBM,0,0,0,0,,,,690,,
2026-09-14,2026-09-14,2026-09-18,5,recovery_forest,ExtraTrees,1,0,1,0,0.0,0.0,0.7934506856227626,689,0.2633393506803912,-0.2633393506803912
2026-09-21,2026-09-21,2026-09-25,5,hazard_linear,LogisticRegression,0,0,0,0,,,,690,,
2026-09-21,2026-09-21,2026-09-25,5,relative_flow,LightGBM,0,0,0,0,,,,690,,
2026-09-21,2026-09-21,2026-09-25,5,recovery_forest,ExtraTrees,2,2,0,0,1.0,0.34238022750665303,1.0,688,0.5069947706725069,0.49300522932749313
2026-09-28,2026-09-28,2026-09-30,3,hazard_linear,LogisticRegression,0,0,0,0,,,,414,,
2026-09-28,2026-09-28,2026-09-30,3,relative_flow,LightGBM,0,0,0,0,,,,414,,
2026-09-28,2026-09-28,2026-09-30,3,recovery_forest,ExtraTrees,0,0,0,0,,,,414,,
