ticker,date,reference_close,label,mature_at,first_touch,end_close_double,label_status,horizon,algorithm,probability,p30,p60,month,selected_algorithm,version,signal_eligible,week
SAFX,2026-04-13,1.05,0.0,2026-06-12,,0.0,mature_provider_daily_split_economic_touch,60,logistic,0.8399113932036939,0.570310680888393,0.8399113932036939,2026-04,True,raw_daily_split_financial_heat_v3_1,False,2026-04-13/2026-04-19
AKAN,2026-04-30,48.96,0.0,2026-06-29,,0.0,mature_provider_daily_split_economic_touch,60,logistic,0.9341406996736428,0.9157785294683699,0.9341406996736428,2026-04,True,raw_daily_split_financial_heat_v3_1,False,2026-04-27/2026-05-03
TDIC,2026-05-13,23.05,,2026-07-10,,,unsupported_corporate_action,60,logistic,0.9999624167853798,0.9999211581989715,0.9999624167853798,2026-05,False,raw_daily_split_financial_heat_v3_1,False,2026-05-11/2026-05-17
CPOP,2026-06-10,1.52,,2026-08-07,,,unsupported_corporate_action,60,logistic,0.9330359202763944,0.9122040451593818,0.9330359202763944,2026-06,False,raw_daily_split_financial_heat_v3_1,False,2026-06-08/2026-06-14
STAK,2026-06-10,7.58,,2026-08-07,,,unsupported_corporate_action,60,logistic,0.9181704501787432,0.8425638200419756,0.9181704501787432,2026-06,False,raw_daily_split_financial_heat_v3_1,False,2026-06-08/2026-06-14
CAST,2026-06-12,1.55,,2026-08-11,,,unsupported_corporate_action,60,logistic,0.911264274438173,0.7503925972095312,0.911264274438173,2026-06,False,raw_daily_split_financial_heat_v3_1,False,2026-06-08/2026-06-14
CPHI,2026-07-21,8.1,,2026-09-18,,,unsupported_corporate_action,60,logistic,0.9685454742340682,0.9657552062723204,0.9685454742340682,2026-07,True,raw_daily_split_financial_heat_v3_1,False,2026-07-20/2026-07-26
AIAI,2026-08-11,5.4,,2026-10-09,,,immature,60,logistic,1.0,0.9999999999999944,1.0,2026-08,True,raw_daily_split_financial_heat_v3_1,False,2026-08-10/2026-08-16
AVAT,2026-09-21,1.87,,2026-11-20,,,immature,60,logistic,0.8690716652625543,0.6916214860741587,0.8690716652625543,2026-09,False,raw_daily_split_financial_heat_v3_1,False,2026-09-21/2026-09-27
