ticker,date,reference_close,label,mature_at,first_touch,end_close_double,label_status,horizon,algorithm,probability,p30,p60,month,selected_algorithm,version
VRRM,2026-06-01,4.89,0.0,2026-07-01,,0.0,mature,30,hist_gbdt,0.8787043434149151,0.8787043434149151,0.8966388681456693,2026-06,True,joint_v2_price_control
HUBC,2026-06-04,4.04,0.0,2026-07-02,,0.0,mature,30,hist_gbdt,0.8284088737645652,0.8284088737645652,0.8518205888437171,2026-06,True,joint_v2_price_control
DHY,2026-06-01,1.75,0.0,2026-07-01,,0.0,mature,30,logistic,1.0,1.0,1.0,2026-06,False,joint_v2_price_control
BNAI,2026-06-01,13.95,1.0,2026-07-01,2026-06-05,0.0,mature,30,logistic,0.880630395920149,0.880630395920149,0.9229935231048145,2026-06,False,joint_v2_price_control
INHD,2026-06-08,39.49,,2026-07-08,,,missing_future_session,30,logistic,0.9963094889704408,0.9963094889704408,0.9963094889704408,2026-06,False,joint_v2_price_control
MGRT,2026-06-10,86.01,0.0,2026-07-10,,0.0,mature,30,logistic,0.8583959732885562,0.8583959732885562,0.8915960043805737,2026-06,False,joint_v2_price_control
NINE,2026-06-26,12.86,0.0,2026-07-24,,0.0,mature,30,logistic,0.9999999732621743,0.9999999732621743,0.999999979759564,2026-06,False,joint_v2_price_control
VEEE,2026-07-13,24.86,1.0,2026-08-12,2026-07-17,0.0,mature,30,logistic,0.8110229428753659,0.8110229428753659,0.8516397345755543,2026-07,True,joint_v2_price_control
ZYBT,2026-07-20,8.01,0.0,2026-08-19,,0.0,mature,30,logistic,0.9923912985036883,0.9923912985036883,0.9959829046614904,2026-07,True,joint_v2_price_control
CPHI,2026-07-21,8.1,0.0,2026-08-20,,0.0,mature,30,logistic,0.996995032522279,0.996995032522279,0.9998889627211447,2026-07,True,joint_v2_price_control
DFNS,2026-07-30,84.98,0.0,2026-08-28,,0.0,mature,30,logistic,0.9518007493888256,0.9518007493888256,0.9540386103142061,2026-07,True,joint_v2_price_control
FCUV,2026-07-31,11.6,0.0,2026-08-28,,0.0,mature,30,logistic,0.8507127485968218,0.8507127485968218,0.8754729743086842,2026-07,True,joint_v2_price_control
PLAG,2026-08-11,5.81,,2026-09-10,,,corporate_action_or_discontinuity_unreconciled,30,logistic,0.8627219000904288,0.8627219000904288,0.8833842832160852,2026-08,True,joint_v2_price_control
MGN,2026-08-20,4.44,,2026-09-18,,,missing_future_session,30,logistic,0.9819341698704562,0.9819341698704562,0.9819347515307995,2026-08,True,joint_v2_price_control
LIMN,2026-08-20,5.63,0.0,2026-09-18,,0.0,mature,30,logistic,0.9704265564417169,0.9704265564417169,0.9704266591930608,2026-08,True,joint_v2_price_control
RCON,2026-08-24,2.87,0.0,2026-09-23,,0.0,mature,30,logistic,0.9999979107797422,0.9999979107797422,0.9999979107797422,2026-08,True,joint_v2_price_control
GRML,2026-08-24,8.55,1.0,2026-09-23,2026-09-22,0.0,mature,30,logistic,0.9972890352174225,0.9972890352174225,0.9972977948990445,2026-08,True,joint_v2_price_control
REAX,2026-08-24,24.0,0.0,2026-09-23,,0.0,mature,30,logistic,0.9505299492776234,0.9505299492776234,0.97677430753055,2026-08,True,joint_v2_price_control
BRCC,2026-08-24,9.33,0.0,2026-09-23,,0.0,mature,30,logistic,0.9426704874771045,0.9426704874771045,0.9555121065387249,2026-08,True,joint_v2_price_control
BIAF,2026-08-24,5.82,1.0,2026-09-23,2026-09-02,0.0,mature,30,logistic,0.936349524354162,0.936349524354162,0.9394396740681928,2026-08,True,joint_v2_price_control
GAME,2026-08-24,3.165,0.0,2026-09-23,,0.0,mature,30,logistic,0.9244849758158615,0.9244849758158615,0.9670312257830996,2026-08,True,joint_v2_price_control
VMAR,2026-08-25,7.182,0.0,2026-09-24,,0.0,mature,30,logistic,0.9632895378708669,0.9632895378708669,0.9677821806475487,2026-08,True,joint_v2_price_control
LGVN,2026-08-26,7.033,0.0,2026-09-25,,0.0,mature,30,logistic,0.9656743593509632,0.9656743593509632,0.9802199060534532,2026-08,True,joint_v2_price_control
CYCU,2026-08-27,3.872,0.0,2026-09-25,,0.0,mature,30,logistic,0.8998898624835423,0.8998898624835423,0.9764248600407361,2026-08,True,joint_v2_price_control
FGL,2026-08-31,15.2,,2026-09-30,,,immature,30,logistic,0.9998583005398661,0.9998583005398661,0.9998583005399015,2026-08,True,joint_v2_price_control
VBIO,2026-08-31,3.57,,2026-09-30,,,immature,30,logistic,0.996278206370103,0.996278206370103,0.9963131014928128,2026-08,True,joint_v2_price_control
GCTK,2026-08-31,4.25,,2026-09-30,,,immature,30,logistic,0.9835506339698702,0.9835506339698702,0.9886440005028263,2026-08,True,joint_v2_price_control
ARTL,2026-08-31,6.36,,2026-09-30,,,immature,30,logistic,0.9651700340670322,0.9651700340670322,0.9726596855043524,2026-08,True,joint_v2_price_control
OMH,2026-08-31,3.24,,2026-09-30,,,immature,30,logistic,0.9336520004560823,0.9336520004560823,0.9336521499187289,2026-08,True,joint_v2_price_control
WHLR,2026-05-14,23.6,0.0,2026-07-13,,0.0,mature,60,hist_gbdt,0.8017741822756262,0.14818804269476504,0.8017741822756262,2026-05,True,joint_v2_price_control
VRRM,2026-06-01,4.89,0.0,2026-07-31,,0.0,mature,60,hist_gbdt,0.8966388681456693,0.8787043434149151,0.8966388681456693,2026-06,True,joint_v2_price_control
HUBC,2026-06-03,12.992,0.0,2026-07-31,,0.0,mature,60,hist_gbdt,0.8321266774266757,0.6816646541245297,0.8321266774266757,2026-06,True,joint_v2_price_control
RYET,2026-06-09,1.14,0.0,2026-08-07,,0.0,mature,60,hist_gbdt,0.8419956781535595,0.6351923813036285,0.8419956781535595,2026-06,True,joint_v2_price_control
NTSK,2026-06-10,8.47,0.0,2026-08-07,,0.0,mature,60,hist_gbdt,0.8032843415873363,0.007371778508547794,0.8032843415873363,2026-06,True,joint_v2_price_control
TBI,2026-06-12,6.98,0.0,2026-08-11,,0.0,mature,60,hist_gbdt,0.8103737108094033,0.0018592851961692957,0.8103737108094033,2026-06,True,joint_v2_price_control
SDOT,2026-06-24,7.25,1.0,2026-08-21,2026-06-26,0.0,mature,60,hist_gbdt,0.8201143184352071,0.5230056834604688,0.8201143184352071,2026-06,True,joint_v2_price_control
LICN,2026-06-26,1.02,0.0,2026-08-25,,0.0,mature,60,hist_gbdt,0.8002609567620924,0.4775372569158405,0.8002609567620924,2026-06,True,joint_v2_price_control
AKAN,2026-05-01,57.09,0.0,2026-06-30,,0.0,mature,60,logistic,0.9989832479985385,1.2757764760812116e-21,0.9989832479985385,2026-05,False,joint_v2_price_control
MGRT,2026-05-01,135.0,0.0,2026-06-30,,0.0,mature,60,logistic,0.942805349115303,8.350272921498862e-10,0.942805349115303,2026-05,False,joint_v2_price_control
LHSW,2026-05-01,4.1136,0.0,2026-06-30,,0.0,mature,60,logistic,0.9401659704369144,0.0003426438344367305,0.9401659704369144,2026-05,False,joint_v2_price_control
OCG,2026-05-01,1.73,0.0,2026-06-30,,0.0,mature,60,logistic,0.9392230508945933,0.0008772880702809353,0.9392230508945933,2026-05,False,joint_v2_price_control
JTAI,2026-05-01,7.03,0.0,2026-06-30,,0.0,mature,60,logistic,0.938246926344371,0.003482913891714866,0.938246926344371,2026-05,False,joint_v2_price_control
GNLN,2026-05-01,4.68,0.0,2026-06-30,,0.0,mature,60,logistic,0.9346092995591568,0.0002445875664254446,0.9346092995591568,2026-05,False,joint_v2_price_control
PPCB,2026-05-01,2.5825,1.0,2026-06-30,2026-06-11,0.0,mature,60,logistic,0.9118517426874047,0.0011387699907178593,0.9118517426874047,2026-05,False,joint_v2_price_control
BGL,2026-05-01,1.21,0.0,2026-06-30,,0.0,mature,60,logistic,0.9040714420938888,0.0006933343215321791,0.9040714420938888,2026-05,False,joint_v2_price_control
NCI,2026-05-01,8.48,0.0,2026-06-30,,0.0,mature,60,logistic,0.9037496305362311,0.0006104621331866799,0.9037496305362311,2026-05,False,joint_v2_price_control
CANG,2026-05-01,4.659,0.0,2026-06-30,,0.0,mature,60,logistic,0.8979746276831883,0.0013274659649388796,0.8979746276831883,2026-05,False,joint_v2_price_control
MIMI,2026-05-01,2.921,0.0,2026-06-30,,0.0,mature,60,logistic,0.8979276303663919,0.0007784685831017739,0.8979276303663919,2026-05,False,joint_v2_price_control
PAPL,2026-05-01,1.47,0.0,2026-06-30,,0.0,mature,60,logistic,0.884400676640708,4.106253580983131e-05,0.884400676640708,2026-05,False,joint_v2_price_control
NVNI,2026-05-01,1.41,0.0,2026-06-30,,0.0,mature,60,logistic,0.8839740582281255,0.001049762035308252,0.8839740582281255,2026-05,False,joint_v2_price_control
FGI,2026-05-01,8.435,0.0,2026-06-30,,0.0,mature,60,logistic,0.8818103143980796,8.908428999444444e-05,0.8818103143980796,2026-05,False,joint_v2_price_control
BBGI,2026-05-01,20.51,0.0,2026-06-30,,0.0,mature,60,logistic,0.8785685134712313,4.050576105239816e-09,0.8785685134712313,2026-05,False,joint_v2_price_control
CMND,2026-05-01,6.58,0.0,2026-06-30,,0.0,mature,60,logistic,0.8720681143181261,0.0021904522827285266,0.8720681143181261,2026-05,False,joint_v2_price_control
LNKS,2026-05-01,1.58,1.0,2026-06-30,2026-06-18,0.0,mature,60,logistic,0.8644278773239388,0.0009056129067924842,0.8644278773239388,2026-05,False,joint_v2_price_control
CUE,2026-05-01,30.42,0.0,2026-06-30,,0.0,mature,60,logistic,0.8613773450864405,3.386581452822566e-08,0.8613773450864405,2026-05,False,joint_v2_price_control
AMST,2026-05-01,1.05,,2026-06-30,,,corporate_action_or_discontinuity_unreconciled,60,logistic,0.8593582576210135,0.0013285141844722984,0.8593582576210135,2026-05,False,joint_v2_price_control
HCWB,2026-05-01,2.712,,2026-06-30,,,corporate_action_or_discontinuity_unreconciled,60,logistic,0.8588179865408542,0.00012300965248841656,0.8588179865408542,2026-05,False,joint_v2_price_control
SHPH,2026-05-01,6.917,0.0,2026-06-30,,0.0,mature,60,logistic,0.8563276743997481,0.0007306490186050516,0.8563276743997481,2026-05,False,joint_v2_price_control
DGNX,2026-05-01,1.955,0.0,2026-06-30,,0.0,mature,60,logistic,0.85473296702256,0.0010871890999608106,0.85473296702256,2026-05,False,joint_v2_price_control
AIRE,2026-05-01,3.28,0.0,2026-06-30,,0.0,mature,60,logistic,0.8532980007993091,0.0015461738739786237,0.8532980007993091,2026-05,False,joint_v2_price_control
PN,2026-05-01,2.865,1.0,2026-06-30,2026-05-04,0.0,mature,60,logistic,0.8479415435504798,0.00175236780102711,0.8479415435504798,2026-05,False,joint_v2_price_control
HCTI,2026-05-01,2.3,0.0,2026-06-30,,0.0,mature,60,logistic,0.8458789609247571,0.0009187162490850254,0.8458789609247571,2026-05,False,joint_v2_price_control
YDDL,2026-05-01,4.82,0.0,2026-06-30,,0.0,mature,60,logistic,0.8376107458555625,0.004059943732918772,0.8376107458555625,2026-05,False,joint_v2_price_control
CNCK,2026-05-01,1.77,0.0,2026-06-30,,0.0,mature,60,logistic,0.8328244578657086,0.0004744501712282502,0.8328244578657086,2026-05,False,joint_v2_price_control
ACTU,2026-05-01,3.0,0.0,2026-06-30,,0.0,mature,60,logistic,0.8315313362257588,0.0007382085835270994,0.8315313362257588,2026-05,False,joint_v2_price_control
DRCT,2026-05-01,3.99,0.0,2026-06-30,,0.0,mature,60,logistic,0.8313446067805941,0.0004400483686371006,0.8313446067805941,2026-05,False,joint_v2_price_control
RIME,2026-05-01,1.02,0.0,2026-06-30,,0.0,mature,60,logistic,0.8286785839448334,0.0011296803589965635,0.8286785839448334,2026-05,False,joint_v2_price_control
SPRC,2026-05-01,7.91,,2026-06-30,,,corporate_action_or_discontinuity_unreconciled,60,logistic,0.8237455965441118,6.597443558187741e-05,0.8237455965441118,2026-05,False,joint_v2_price_control
TMDE,2026-05-01,1.27,0.0,2026-06-30,,0.0,mature,60,logistic,0.8194585407257156,0.0020354581990902638,0.8194585407257156,2026-05,False,joint_v2_price_control
IPST,2026-05-01,5.5,0.0,2026-06-30,,0.0,mature,60,logistic,0.816438592944127,0.0007584198717245131,0.816438592944127,2026-05,False,joint_v2_price_control
PASG,2026-05-01,4.97,0.0,2026-06-30,,0.0,mature,60,logistic,0.8122548348111557,0.0023232016541538236,0.8122548348111557,2026-05,False,joint_v2_price_control
RPGL,2026-05-01,67.6,0.0,2026-06-30,,0.0,mature,60,logistic,0.8020400721541402,1.6189996940617974e-05,0.8020400721541402,2026-05,False,joint_v2_price_control
HTCO,2026-05-01,7.9,0.0,2026-06-30,,0.0,mature,60,logistic,0.8013767241627484,0.0022604010107658812,0.8013767241627484,2026-05,False,joint_v2_price_control
LRHC,2026-05-01,1.89,0.0,2026-06-30,,0.0,mature,60,logistic,0.8001543308737797,0.0018968774703868468,0.8001543308737797,2026-05,False,joint_v2_price_control
SDOT,2026-05-04,5.178,1.0,2026-07-02,2026-05-05,1.0,mature,60,logistic,0.9343481199591609,0.0018472836312766537,0.9343481199591609,2026-05,False,joint_v2_price_control
JLHL,2026-05-04,19.79,1.0,2026-07-02,2026-06-03,0.0,mature,60,logistic,0.9083230988507673,4.080102696600649e-05,0.9083230988507673,2026-05,False,joint_v2_price_control
FCUV,2026-05-04,4.68,0.0,2026-07-02,,0.0,mature,60,logistic,0.890000645498875,0.00572900053130532,0.890000645498875,2026-05,False,joint_v2_price_control
ELPW,2026-05-04,329.85,0.0,2026-07-02,,0.0,mature,60,logistic,0.8238236577461017,8.921579190445803e-07,0.8238236577461017,2026-05,False,joint_v2_price_control
PMAX,2026-05-04,2.2,1.0,2026-07-02,2026-05-06,0.0,mature,60,logistic,0.8085789588308013,0.0016264264297630988,0.8085789588308013,2026-05,False,joint_v2_price_control
ASBP,2026-05-04,6.282,0.0,2026-07-02,,0.0,mature,60,logistic,0.8032359812021211,0.003373364602203815,0.8032359812021211,2026-05,False,joint_v2_price_control
GWH,2026-05-04,1.11,0.0,2026-07-02,,0.0,mature,60,logistic,0.8023458298812353,0.0006380991376831001,0.8023458298812353,2026-05,False,joint_v2_price_control
BRLS,2026-05-04,1.57,0.0,2026-07-02,,0.0,mature,60,logistic,0.8019015899373424,0.0009131576200234104,0.8019015899373424,2026-05,False,joint_v2_price_control
SEGG,2026-05-05,7.07,1.0,2026-07-02,2026-05-15,0.0,mature,60,logistic,0.8749738735799,0.00012491925550755603,0.8749738735799,2026-05,False,joint_v2_price_control
JDZG,2026-05-05,12.1,,2026-07-02,,,missing_future_session,60,logistic,0.8077904506618212,0.002407775951250269,0.8077904506618212,2026-05,False,joint_v2_price_control
QNCX,2026-05-06,24.4,0.0,2026-07-02,,0.0,mature,60,logistic,0.8916379726251644,0.003789246430830279,0.8916379726251644,2026-05,False,joint_v2_price_control
WHLR,2026-05-06,23.8,0.0,2026-07-02,,0.0,mature,60,logistic,0.8807958703854781,0.004451999400199223,0.8807958703854781,2026-05,False,joint_v2_price_control
INHD,2026-05-06,1.74,,2026-07-02,,,missing_future_session,60,logistic,0.8745842316573597,0.0021896627843632863,0.8745842316573597,2026-05,False,joint_v2_price_control
GDC,2026-05-06,310.0,0.0,2026-07-02,,0.0,mature,60,logistic,0.8635050933105766,0.005504752402929422,0.8635050933105766,2026-05,False,joint_v2_price_control
GOVX,2026-05-06,1.65,1.0,2026-07-02,2026-05-18,0.0,mature,60,logistic,0.8499483883392553,0.0002736365638155845,0.8499483883392553,2026-05,False,joint_v2_price_control
NPT,2026-05-06,1.4,1.0,2026-07-02,2026-06-08,0.0,mature,60,logistic,0.801924341528528,0.0019523417185003005,0.801924341528528,2026-05,False,joint_v2_price_control
ENGN,2026-05-07,1.72,0.0,2026-07-06,,0.0,mature,60,logistic,0.9491700606898908,0.0009543062188582338,0.9491700606898908,2026-05,False,joint_v2_price_control
KALA,2026-05-07,4.155,0.0,2026-07-06,,0.0,mature,60,logistic,0.8273129915357135,0.0028521018024117595,0.8273129915357135,2026-05,False,joint_v2_price_control
REPL,2026-05-07,3.34,1.0,2026-07-06,2026-05-29,1.0,mature,60,logistic,0.8251135256540293,0.0020096816372224815,0.8251135256540293,2026-05,False,joint_v2_price_control
FTCI,2026-05-07,4.27,0.0,2026-07-06,,0.0,mature,60,logistic,0.8154807492665874,0.00043476761541964013,0.8154807492665874,2026-05,False,joint_v2_price_control
PMI,2026-05-07,11.045,0.0,2026-07-06,,0.0,mature,60,logistic,0.805138147929146,0.003515147043346383,0.805138147929146,2026-05,False,joint_v2_price_control
RXT,2026-05-08,5.49,0.0,2026-07-07,,0.0,mature,60,logistic,0.9168713711610665,1.0402191863874953e-05,0.9168713711610665,2026-05,False,joint_v2_price_control
SLMT,2026-05-08,6.454,0.0,2026-07-07,,0.0,mature,60,logistic,0.8788439586848524,0.0017240008722088636,0.8788439586848524,2026-05,False,joint_v2_price_control
STAK,2026-05-08,1.08,1.0,2026-07-07,2026-05-13,1.0,mature,60,logistic,0.8590796150822826,0.0016042455112668594,0.8590796150822826,2026-05,False,joint_v2_price_control
RAYA,2026-05-08,3.96,0.0,2026-07-07,,0.0,mature,60,logistic,0.8582099045245329,0.004079354352336991,0.8582099045245329,2026-05,False,joint_v2_price_control
CMCT,2026-05-11,6.18,0.0,2026-07-10,,0.0,mature,60,logistic,0.9085157117481626,0.0032864116407584115,0.9085157117481626,2026-05,False,joint_v2_price_control
KXIN,2026-05-11,4.89,0.0,2026-07-10,,0.0,mature,60,logistic,0.8741852505237728,0.0009838551647764592,0.8741852505237728,2026-05,False,joint_v2_price_control
CGTL,2026-05-12,11.418,0.0,2026-07-10,,0.0,mature,60,logistic,0.9076545397838833,0.0019052142429818925,0.9076545397838833,2026-05,False,joint_v2_price_control
SNAL,2026-05-12,2.5125,1.0,2026-07-10,2026-05-14,0.0,mature,60,logistic,0.8362141395583708,0.0033101703467081035,0.8362141395583708,2026-05,False,joint_v2_price_control
MASK,2026-05-12,2.04,1.0,2026-07-10,2026-05-28,0.0,mature,60,logistic,0.8255270457423884,0.0002465169936273878,0.8255270457423884,2026-05,False,joint_v2_price_control
SOWG,2026-05-12,1.73,1.0,2026-07-10,2026-06-18,1.0,mature,60,logistic,0.8181240159313763,0.00311392133199563,0.8181240159313763,2026-05,False,joint_v2_price_control
TDIC,2026-05-13,576.25,0.0,2026-07-10,,0.0,mature,60,logistic,0.9999823630064578,2.921550979893258e-33,0.9999823630064578,2026-05,False,joint_v2_price_control
AHMA,2026-05-13,1.23,1.0,2026-07-10,2026-06-09,0.0,mature,60,logistic,0.8475847752016149,0.0004116301190494652,0.8475847752016149,2026-05,False,joint_v2_price_control
LZMH,2026-05-13,1.798,0.0,2026-07-10,,0.0,mature,60,logistic,0.8121738707597981,0.0009728433374263368,0.8121738707597981,2026-05,False,joint_v2_price_control
WKHS,2026-05-13,3.54,0.0,2026-07-10,,0.0,mature,60,logistic,0.8034827312214468,0.0005339715198638339,0.8034827312214468,2026-05,False,joint_v2_price_control
WNW,2026-05-14,3.22,1.0,2026-07-13,2026-05-20,0.0,mature,60,logistic,0.8340983205597388,0.002112025519867397,0.8340983205597388,2026-05,False,joint_v2_price_control
HCHL,2026-05-14,3.1,,2026-07-13,,,missing_future_session,60,logistic,0.8134059394233472,5.6614833830002885e-05,0.8134059394233472,2026-05,False,joint_v2_price_control
SNOA,2026-05-14,1.18,0.0,2026-07-13,,0.0,mature,60,logistic,0.8095631207778525,0.0019465314551170725,0.8095631207778525,2026-05,False,joint_v2_price_control
LNZA,2026-05-14,17.15,0.0,2026-07-13,,0.0,mature,60,logistic,0.8032075871177407,0.007177277956412421,0.8032075871177407,2026-05,False,joint_v2_price_control
YMAT,2026-05-15,8.0,,2026-07-14,,,corporate_action_or_discontinuity_unreconciled,60,logistic,0.9863381610812857,2.7901408900336043e-08,0.9863381610812857,2026-05,False,joint_v2_price_control
TOPS,2026-05-15,1.02,0.0,2026-07-14,,0.0,mature,60,logistic,0.8799544384971463,0.000965039106578208,0.8799544384971463,2026-05,False,joint_v2_price_control
VRAX,2026-05-15,3.8375,,2026-07-14,,,corporate_action_or_discontinuity_unreconciled,60,logistic,0.8705718013117218,0.00097810483613731,0.8705718013117218,2026-05,False,joint_v2_price_control
DBGI,2026-05-15,44.8,0.0,2026-07-14,,0.0,mature,60,logistic,0.806489596654349,0.004060946682286361,0.806489596654349,2026-05,False,joint_v2_price_control
PYXS,2026-05-15,2.28,0.0,2026-07-14,,0.0,mature,60,logistic,0.8053002875087446,0.000315127912040162,0.8053002875087446,2026-05,False,joint_v2_price_control
INBS,2026-05-18,3.65,0.0,2026-07-17,,0.0,mature,60,logistic,0.854949524820776,0.0005634316455523862,0.854949524820776,2026-05,False,joint_v2_price_control
JZXN,2026-05-18,1.18,1.0,2026-07-17,2026-06-09,0.0,mature,60,logistic,0.8407337564807568,0.00026946611342147897,0.8407337564807568,2026-05,False,joint_v2_price_control
CISS,2026-05-18,126.8,0.0,2026-07-17,,0.0,mature,60,logistic,0.8334569307463664,0.00425488052579167,0.8334569307463664,2026-05,False,joint_v2_price_control
SUNE,2026-05-18,1.23,1.0,2026-07-17,2026-06-08,1.0,mature,60,logistic,0.8300277460630849,0.0007648037196575384,0.8300277460630849,2026-05,False,joint_v2_price_control
TWG,2026-05-18,2.86,0.0,2026-07-17,,0.0,mature,60,logistic,0.8218614055675687,0.0013027381266753658,0.8218614055675687,2026-05,False,joint_v2_price_control
EDSA,2026-05-18,9.0,0.0,2026-07-17,,0.0,mature,60,logistic,0.8217368769607397,0.004688394139704384,0.8217368769607397,2026-05,False,joint_v2_price_control
NEOV,2026-05-18,1.6,1.0,2026-07-17,2026-06-30,0.0,mature,60,logistic,0.8068555557857761,0.0010954370188786936,0.8068555557857761,2026-05,False,joint_v2_price_control
STKE,2026-05-18,1.74,0.0,2026-07-17,,0.0,mature,60,logistic,0.8029543041727542,0.00031021701507554146,0.8029543041727542,2026-05,False,joint_v2_price_control
BCTX,2026-05-18,3.35,0.0,2026-07-17,,0.0,mature,60,logistic,0.8014579816659492,0.0008765211550102331,0.8014579816659492,2026-05,False,joint_v2_price_control
ONCO,2026-05-19,1.175,0.0,2026-07-17,,0.0,mature,60,logistic,0.8793905805110172,0.0009198747862229948,0.8793905805110172,2026-05,False,joint_v2_price_control
ERNA,2026-05-19,11.45,0.0,2026-07-17,,0.0,mature,60,logistic,0.8092578918377195,3.676596414662318e-05,0.8092578918377195,2026-05,False,joint_v2_price_control
AARD,2026-05-19,4.37,0.0,2026-07-17,,0.0,mature,60,logistic,0.8036551966251234,0.0009756369270284899,0.8036551966251234,2026-05,False,joint_v2_price_control
HKIT,2026-05-19,50.58,,2026-07-17,,,corporate_action_or_discontinuity_unreconciled,60,logistic,0.8015755883222194,0.0033891001447621657,0.8015755883222194,2026-05,False,joint_v2_price_control
JAGX,2026-05-21,3.47,0.0,2026-07-20,,0.0,mature,60,logistic,0.9348258121875445,0.0037386347022877425,0.9348258121875445,2026-05,False,joint_v2_price_control
AUUD,2026-05-21,1.6,0.0,2026-07-20,,0.0,mature,60,logistic,0.904641749230664,0.0022258457076151567,0.904641749230664,2026-05,False,joint_v2_price_control
LGHL,2026-05-21,7.416,0.0,2026-07-20,,0.0,mature,60,logistic,0.8834153151577547,0.001237929037557368,0.8834153151577547,2026-05,False,joint_v2_price_control
ATPC,2026-05-21,3.59,1.0,2026-07-20,2026-05-28,0.0,mature,60,logistic,0.8777717690985934,0.0002413984225708538,0.8777717690985934,2026-05,False,joint_v2_price_control
IPW,2026-05-21,36.2952,0.0,2026-07-20,,0.0,mature,60,logistic,0.8225997655047308,0.005511184721936193,0.8225997655047308,2026-05,False,joint_v2_price_control
CMPX,2026-05-21,1.93,0.0,2026-07-20,,0.0,mature,60,logistic,0.8085602187158568,0.0014871940076908122,0.8085602187158568,2026-05,False,joint_v2_price_control
CHSN,2026-05-22,1.23,0.0,2026-07-21,,0.0,mature,60,logistic,0.9535206241604832,0.0026538421536894774,0.9535206241604832,2026-05,False,joint_v2_price_control
PIII,2026-05-22,13.2,0.0,2026-07-21,,0.0,mature,60,logistic,0.9162741630888741,4.4139347330361537e-07,0.9162741630888741,2026-05,False,joint_v2_price_control
GMM,2026-05-22,13.555,,2026-07-21,,,corporate_action_or_discontinuity_unreconciled,60,logistic,0.9108687902979156,0.0031258962099343693,0.9108687902979156,2026-05,False,joint_v2_price_control
FRGT,2026-05-22,3.95,0.0,2026-07-21,,0.0,mature,60,logistic,0.8390948120706724,0.001194077529146924,0.8390948120706724,2026-05,False,joint_v2_price_control
VEEE,2026-05-22,7.22,1.0,2026-07-21,2026-07-13,1.0,mature,60,logistic,0.8021629464737761,0.0012200832749513118,0.8021629464737761,2026-05,False,joint_v2_price_control
LIMN,2026-05-22,8.47,0.0,2026-07-21,,0.0,mature,60,logistic,0.8006360066582874,0.0007037699237829802,0.8006360066582874,2026-05,False,joint_v2_price_control
FGL,2026-05-26,1.88,0.0,2026-07-24,,0.0,mature,60,logistic,0.9172312073400618,0.00041902863521809855,0.9172312073400618,2026-05,False,joint_v2_price_control
CVM,2026-05-26,1.43,0.0,2026-07-24,,0.0,mature,60,logistic,0.8300012674642453,0.0020471091165358995,0.8300012674642453,2026-05,False,joint_v2_price_control
MTVA,2026-05-27,3.34,0.0,2026-07-24,,0.0,mature,60,logistic,0.8492269128236151,8.078669939334236e-05,0.8492269128236151,2026-05,False,joint_v2_price_control
STEX,2026-05-27,1.51,0.0,2026-07-24,,0.0,mature,60,logistic,0.8169651905770624,0.00014918894515833362,0.8169651905770624,2026-05,False,joint_v2_price_control
MGN,2026-05-27,6.236,0.0,2026-07-24,,0.0,mature,60,logistic,0.805859362067769,0.0013938018509678152,0.805859362067769,2026-05,False,joint_v2_price_control
FCHL,2026-05-27,1.41,0.0,2026-07-24,,0.0,mature,60,logistic,0.8049471752981867,0.002686627486662524,0.8049471752981867,2026-05,False,joint_v2_price_control
GIPR,2026-05-27,2.763,0.0,2026-07-24,,0.0,mature,60,logistic,0.8043629137773528,0.00047859845331416724,0.8043629137773528,2026-05,False,joint_v2_price_control
FATN,2026-05-28,7.66,0.0,2026-07-27,,0.0,mature,60,logistic,0.8268000331744977,3.0564094934600295e-05,0.8268000331744977,2026-05,False,joint_v2_price_control
NCPL,2026-05-29,1.1,0.0,2026-07-28,,0.0,mature,60,logistic,0.9639147748066691,6.464442766011911e-06,0.9639147748066691,2026-05,False,joint_v2_price_control
DHY,2026-06-01,1.75,0.0,2026-07-31,,0.0,mature,60,logistic,1.0,1.0,1.0,2026-06,False,joint_v2_price_control
VCIG,2026-06-01,7.53,0.0,2026-07-31,,0.0,mature,60,logistic,0.9941544428645788,1.8020710796460383e-05,0.9941544428645788,2026-06,False,joint_v2_price_control
BNAI,2026-06-01,13.95,1.0,2026-07-31,2026-06-05,0.0,mature,60,logistic,0.9229935231048145,0.880630395920149,0.9229935231048145,2026-06,False,joint_v2_price_control
ASTC,2026-06-01,35.4,0.0,2026-07-31,,0.0,mature,60,logistic,0.818422447223813,7.0154793658923e-07,0.818422447223813,2026-06,False,joint_v2_price_control
AIIO,2026-06-04,3.2,0.0,2026-08-03,,0.0,mature,60,logistic,0.8320074408457423,3.2625171529979734e-05,0.8320074408457423,2026-06,False,joint_v2_price_control
NTCL,2026-06-08,118.0,0.0,2026-08-07,,0.0,mature,60,logistic,0.8150138917484614,3.153431580620677e-06,0.8150138917484614,2026-06,False,joint_v2_price_control
LESL,2026-06-09,8.18,0.0,2026-08-07,,0.0,mature,60,logistic,0.8358453157945339,1.7493859137616708e-05,0.8358453157945339,2026-06,False,joint_v2_price_control
OTLK,2026-06-11,1.1,0.0,2026-08-10,,0.0,mature,60,logistic,0.980019134770884,1.5843108158515558e-05,0.980019134770884,2026-06,False,joint_v2_price_control
MTEN,2026-06-11,2.29,1.0,2026-08-10,2026-06-15,0.0,mature,60,logistic,0.8051222494558639,0.0014458157221169036,0.8051222494558639,2026-06,False,joint_v2_price_control
CCTG,2026-06-16,1.48,0.0,2026-08-14,,0.0,mature,60,logistic,0.8639864206225547,0.0003315918067550897,0.8639864206225547,2026-06,False,joint_v2_price_control
VSME,2026-06-17,2.79,0.0,2026-08-14,,0.0,mature,60,logistic,0.8515404391220182,0.0002595653576497961,0.8515404391220182,2026-06,False,joint_v2_price_control
CAST,2026-06-23,8.26,0.0,2026-08-21,,0.0,mature,60,logistic,0.8333689960535988,0.00042321278961356714,0.8333689960535988,2026-06,False,joint_v2_price_control
NINE,2026-06-26,12.86,0.0,2026-08-25,,0.0,mature,60,logistic,0.999999979759564,0.9999999732621743,0.999999979759564,2026-06,False,joint_v2_price_control
AZI,2026-06-29,2.91,0.0,2026-08-28,,0.0,mature,60,logistic,0.8987412483694269,0.0008809737664945422,0.8987412483694269,2026-06,False,joint_v2_price_control
CALC,2026-06-30,1.03,0.0,2026-08-28,,0.0,mature,60,logistic,0.8636690733093315,0.007969509906819147,0.8636690733093315,2026-06,False,joint_v2_price_control
MGRT,2026-06-30,72.85,0.0,2026-08-28,,0.0,mature,60,logistic,0.8142945313367815,0.7839446074805726,0.8142945313367815,2026-06,False,joint_v2_price_control
SDOT,2026-07-06,48.79,0.0,2026-09-04,,0.0,mature,60,logistic,0.8701343645927748,0.5874480030859061,0.8701343645927748,2026-07,True,joint_v2_price_control
ZYBT,2026-07-20,8.01,0.0,2026-09-18,,0.0,mature,60,logistic,0.9959829046614904,0.9923912985036883,0.9959829046614904,2026-07,True,joint_v2_price_control
CPHI,2026-07-21,8.1,0.0,2026-09-18,,0.0,mature,60,logistic,0.9998889627211447,0.996995032522279,0.9998889627211447,2026-07,True,joint_v2_price_control
DFNS,2026-07-30,84.98,0.0,2026-09-28,,0.0,mature,60,logistic,0.9540386103142061,0.9518007493888256,0.9540386103142061,2026-07,True,joint_v2_price_control
PN,2026-07-30,23.67,0.0,2026-09-28,,0.0,mature,60,logistic,0.8758209685136205,0.42891188269380814,0.8758209685136205,2026-07,True,joint_v2_price_control
DHY,2026-07-31,1.75,,2026-09-29,,,corporate_action_or_discontinuity_unreconciled,60,logistic,1.0,1.2229299180807104e-21,1.0,2026-07,True,joint_v2_price_control
FCUV,2026-07-31,11.6,0.0,2026-09-29,,0.0,mature,60,logistic,0.8754729743086842,0.8507127485968218,0.8754729743086842,2026-07,True,joint_v2_price_control
PLAG,2026-08-11,5.81,,2026-10-09,,,immature,60,logistic,0.8833842832160852,0.8627219000904288,0.8833842832160852,2026-08,True,joint_v2_price_control
WETO,2026-08-18,33.0,,2026-10-16,,,immature,60,logistic,0.8172835300948337,0.7498002085899262,0.8172835300948337,2026-08,True,joint_v2_price_control
MGN,2026-08-20,4.44,,2026-10-19,,,immature,60,logistic,0.9819347515307995,0.9819341698704562,0.9819347515307995,2026-08,True,joint_v2_price_control
LIMN,2026-08-20,5.63,,2026-10-19,,,immature,60,logistic,0.9704266591930608,0.9704265564417169,0.9704266591930608,2026-08,True,joint_v2_price_control
RCON,2026-08-24,2.87,,2026-10-23,,,immature,60,logistic,0.9999979107797422,0.9999979107797422,0.9999979107797422,2026-08,True,joint_v2_price_control
GRML,2026-08-24,8.55,,2026-10-23,,,immature,60,logistic,0.9972977948990445,0.9972890352174225,0.9972977948990445,2026-08,True,joint_v2_price_control
REAX,2026-08-24,24.0,,2026-10-23,,,immature,60,logistic,0.97677430753055,0.9505299492776234,0.97677430753055,2026-08,True,joint_v2_price_control
GAME,2026-08-24,3.165,,2026-10-23,,,immature,60,logistic,0.9670312257830996,0.9244849758158615,0.9670312257830996,2026-08,True,joint_v2_price_control
BRCC,2026-08-24,9.33,,2026-10-23,,,immature,60,logistic,0.9555121065387249,0.9426704874771045,0.9555121065387249,2026-08,True,joint_v2_price_control
BIAF,2026-08-24,5.82,,2026-10-23,,,immature,60,logistic,0.9394396740681928,0.936349524354162,0.9394396740681928,2026-08,True,joint_v2_price_control
VMAR,2026-08-25,7.182,,2026-10-23,,,immature,60,logistic,0.9677821806475487,0.9632895378708669,0.9677821806475487,2026-08,True,joint_v2_price_control
DAIC,2026-08-25,3.88,,2026-10-23,,,immature,60,logistic,0.8394709103098402,0.7449686402511368,0.8394709103098402,2026-08,True,joint_v2_price_control
LGVN,2026-08-26,7.033,,2026-10-23,,,immature,60,logistic,0.9802199060534532,0.9656743593509632,0.9802199060534532,2026-08,True,joint_v2_price_control
CYCU,2026-08-27,3.872,,2026-10-26,,,immature,60,logistic,0.9764248600407361,0.8998898624835423,0.9764248600407361,2026-08,True,joint_v2_price_control
FGL,2026-08-31,15.2,,2026-10-30,,,immature,60,logistic,0.9998583005399015,0.9998583005398661,0.9998583005399015,2026-08,True,joint_v2_price_control
VBIO,2026-08-31,3.57,,2026-10-30,,,immature,60,logistic,0.9963131014928128,0.996278206370103,0.9963131014928128,2026-08,True,joint_v2_price_control
GCTK,2026-08-31,4.25,,2026-10-30,,,immature,60,logistic,0.9886440005028263,0.9835506339698702,0.9886440005028263,2026-08,True,joint_v2_price_control
ARTL,2026-08-31,6.36,,2026-10-30,,,immature,60,logistic,0.9726596855043524,0.9651700340670322,0.9726596855043524,2026-08,True,joint_v2_price_control
OMH,2026-08-31,3.24,,2026-10-30,,,immature,60,logistic,0.9336521499187289,0.9336520004560823,0.9336521499187289,2026-08,True,joint_v2_price_control
