ticker,date,reference_close,label,mature_at,first_touch,end_close_double,label_status,horizon,algorithm,probability,p30,p60,month,selected_algorithm,version,week
WHLR,2026-05-14,23.6,0.0,2026-07-13,,0.0,mature,60,monthly_selected,0.8017741822756262,0.14818804269476504,0.8017741822756262,2026-05,True,joint_v2_price_control,2026-05-11/2026-05-17
VRRM,2026-06-01,4.89,0.0,2026-07-31,,0.0,mature,60,monthly_selected,0.8966388681456693,0.8787043434149151,0.8966388681456693,2026-06,True,joint_v2_price_control,2026-06-01/2026-06-07
HUBC,2026-06-03,12.992,0.0,2026-07-31,,0.0,mature,60,monthly_selected,0.8321266774266757,0.6816646541245297,0.8321266774266757,2026-06,True,joint_v2_price_control,2026-06-01/2026-06-07
RYET,2026-06-09,1.14,0.0,2026-08-07,,0.0,mature,60,monthly_selected,0.8419956781535595,0.6351923813036285,0.8419956781535595,2026-06,True,joint_v2_price_control,2026-06-08/2026-06-14
NTSK,2026-06-10,8.47,0.0,2026-08-07,,0.0,mature,60,monthly_selected,0.8032843415873363,0.007371778508547794,0.8032843415873363,2026-06,True,joint_v2_price_control,2026-06-08/2026-06-14
TBI,2026-06-12,6.98,0.0,2026-08-11,,0.0,mature,60,monthly_selected,0.8103737108094033,0.0018592851961692957,0.8103737108094033,2026-06,True,joint_v2_price_control,2026-06-08/2026-06-14
SDOT,2026-06-24,7.25,1.0,2026-08-21,2026-06-26,0.0,mature,60,monthly_selected,0.8201143184352071,0.5230056834604688,0.8201143184352071,2026-06,True,joint_v2_price_control,2026-06-22/2026-06-28
LICN,2026-06-26,1.02,0.0,2026-08-25,,0.0,mature,60,monthly_selected,0.8002609567620924,0.4775372569158405,0.8002609567620924,2026-06,True,joint_v2_price_control,2026-06-22/2026-06-28
DHY,2026-07-01,1.77,0.0,2026-08-28,,0.0,mature,60,monthly_selected,1.0,8.138243050457342e-22,1.0,2026-07,True,joint_v2_price_control,2026-06-29/2026-07-05
NINE,2026-07-01,12.75,0.0,2026-08-28,,0.0,mature,60,monthly_selected,0.8584180386697869,0.05178326012763365,0.8584180386697869,2026-07,True,joint_v2_price_control,2026-06-29/2026-07-05
VEEE,2026-07-13,24.86,1.0,2026-09-11,2026-07-17,0.0,mature,60,monthly_selected,0.8516397345755543,0.8110229428753659,0.8516397345755543,2026-07,True,joint_v2_price_control,2026-07-13/2026-07-19
ZYBT,2026-07-20,8.01,0.0,2026-09-18,,0.0,mature,60,monthly_selected,0.9959829046614904,0.9923912985036883,0.9959829046614904,2026-07,True,joint_v2_price_control,2026-07-20/2026-07-26
CPHI,2026-07-21,8.1,0.0,2026-09-18,,0.0,mature,60,monthly_selected,0.9998889627211447,0.996995032522279,0.9998889627211447,2026-07,True,joint_v2_price_control,2026-07-20/2026-07-26
DFNS,2026-07-30,84.98,0.0,2026-09-28,,0.0,mature,60,monthly_selected,0.9540386103142061,0.9518007493888256,0.9540386103142061,2026-07,True,joint_v2_price_control,2026-07-27/2026-08-02
PN,2026-07-30,23.67,0.0,2026-09-28,,0.0,mature,60,monthly_selected,0.8758209685136205,0.42891188269380814,0.8758209685136205,2026-07,True,joint_v2_price_control,2026-07-27/2026-08-02
FCUV,2026-07-31,11.6,0.0,2026-09-29,,0.0,mature,60,monthly_selected,0.8754729743086842,0.8507127485968218,0.8754729743086842,2026-07,True,joint_v2_price_control,2026-07-27/2026-08-02
PLAG,2026-08-11,5.81,,2026-10-09,,,immature,60,monthly_selected,0.8833842832160852,0.8627219000904288,0.8833842832160852,2026-08,True,joint_v2_price_control,2026-08-10/2026-08-16
WETO,2026-08-18,33.0,,2026-10-16,,,immature,60,monthly_selected,0.8172835300948337,0.7498002085899262,0.8172835300948337,2026-08,True,joint_v2_price_control,2026-08-17/2026-08-23
MGN,2026-08-20,4.44,,2026-10-19,,,immature,60,monthly_selected,0.9819347515307995,0.9819341698704562,0.9819347515307995,2026-08,True,joint_v2_price_control,2026-08-17/2026-08-23
LIMN,2026-08-20,5.63,,2026-10-19,,,immature,60,monthly_selected,0.9704266591930608,0.9704265564417169,0.9704266591930608,2026-08,True,joint_v2_price_control,2026-08-17/2026-08-23
RCON,2026-08-24,2.87,,2026-10-23,,,immature,60,monthly_selected,0.9999979107797422,0.9999979107797422,0.9999979107797422,2026-08,True,joint_v2_price_control,2026-08-24/2026-08-30
GRML,2026-08-24,8.55,,2026-10-23,,,immature,60,monthly_selected,0.9972977948990445,0.9972890352174225,0.9972977948990445,2026-08,True,joint_v2_price_control,2026-08-24/2026-08-30
REAX,2026-08-24,24.0,,2026-10-23,,,immature,60,monthly_selected,0.97677430753055,0.9505299492776234,0.97677430753055,2026-08,True,joint_v2_price_control,2026-08-24/2026-08-30
GAME,2026-08-24,3.165,,2026-10-23,,,immature,60,monthly_selected,0.9670312257830996,0.9244849758158615,0.9670312257830996,2026-08,True,joint_v2_price_control,2026-08-24/2026-08-30
BRCC,2026-08-24,9.33,,2026-10-23,,,immature,60,monthly_selected,0.9555121065387249,0.9426704874771045,0.9555121065387249,2026-08,True,joint_v2_price_control,2026-08-24/2026-08-30
BIAF,2026-08-24,5.82,,2026-10-23,,,immature,60,monthly_selected,0.9394396740681928,0.936349524354162,0.9394396740681928,2026-08,True,joint_v2_price_control,2026-08-24/2026-08-30
VMAR,2026-08-25,7.182,,2026-10-23,,,immature,60,monthly_selected,0.9677821806475487,0.9632895378708669,0.9677821806475487,2026-08,True,joint_v2_price_control,2026-08-24/2026-08-30
DAIC,2026-08-25,3.88,,2026-10-23,,,immature,60,monthly_selected,0.8394709103098402,0.7449686402511368,0.8394709103098402,2026-08,True,joint_v2_price_control,2026-08-24/2026-08-30
LGVN,2026-08-26,7.033,,2026-10-23,,,immature,60,monthly_selected,0.9802199060534532,0.9656743593509632,0.9802199060534532,2026-08,True,joint_v2_price_control,2026-08-24/2026-08-30
CYCU,2026-08-27,3.872,,2026-10-26,,,immature,60,monthly_selected,0.9764248600407361,0.8998898624835423,0.9764248600407361,2026-08,True,joint_v2_price_control,2026-08-24/2026-08-30
DHY,2026-08-31,1.7,,2026-10-30,,,immature,60,monthly_selected,0.9999999999999999,2.5883165268461025e-05,0.9999999999999999,2026-08,True,joint_v2_price_control,2026-08-31/2026-09-06
FGL,2026-08-31,15.2,,2026-10-30,,,immature,60,monthly_selected,0.9998583005399015,0.9998583005398661,0.9998583005399015,2026-08,True,joint_v2_price_control,2026-08-31/2026-09-06
VBIO,2026-08-31,3.57,,2026-10-30,,,immature,60,monthly_selected,0.9963131014928128,0.996278206370103,0.9963131014928128,2026-08,True,joint_v2_price_control,2026-08-31/2026-09-06
GCTK,2026-08-31,4.25,,2026-10-30,,,immature,60,monthly_selected,0.9886440005028263,0.9835506339698702,0.9886440005028263,2026-08,True,joint_v2_price_control,2026-08-31/2026-09-06
ARTL,2026-08-31,6.36,,2026-10-30,,,immature,60,monthly_selected,0.9726596855043524,0.9651700340670322,0.9726596855043524,2026-08,True,joint_v2_price_control,2026-08-31/2026-09-06
OMH,2026-08-31,3.24,,2026-10-30,,,immature,60,monthly_selected,0.9336521499187289,0.9336520004560823,0.9336521499187289,2026-08,True,joint_v2_price_control,2026-08-31/2026-09-06
