symbol,first,last,valid_days,observed_days
AAPL,2026-01-02,2026-09-25,184,184
ADBE,2026-01-02,2026-09-25,184,184
ADI,2026-01-02,2026-09-25,184,184
ADSK,2026-01-02,2026-09-25,184,184
ALAB,2026-01-02,2026-09-25,184,184
AMAT,2026-01-02,2026-09-25,184,184
AMD,2026-01-02,2026-09-25,184,184
AMZN,2026-01-02,2026-09-25,184,184
APP,2026-01-02,2026-09-25,184,184
ARM,2026-01-02,2026-09-25,184,184
ASML,2026-01-02,2026-09-25,184,184
AVGO,2026-01-02,2026-09-25,184,184
CDNS,2026-01-02,2026-09-25,184,184
CEG,2026-01-02,2026-09-25,184,184
CRDO,2026-01-02,2026-09-25,24,24
CRWD,2026-01-02,2026-09-25,184,184
CRWV,2026-01-02,2026-09-25,184,184
CSCO,2026-01-02,2026-09-25,184,184
DDOG,2026-01-02,2026-09-25,184,184
FTNT,2026-01-02,2026-09-25,184,184
GOOGL,2026-01-02,2026-09-25,184,184
HON,2026-01-02,2026-09-25,184,184
INTC,2026-01-02,2026-09-25,184,184
INTU,2026-01-02,2026-09-25,184,184
KLAC,2026-01-02,2026-09-25,184,184
LITE,2026-01-02,2026-09-25,184,184
LRCX,2026-01-02,2026-09-25,184,184
MCHP,2026-01-02,2026-09-25,184,184
MELI,2026-01-02,2026-09-25,184,184
META,2026-01-02,2026-09-25,184,184
MPWR,2026-01-02,2026-09-25,184,184
MRVL,2026-01-02,2026-09-25,184,184
MSFT,2026-01-02,2026-09-25,184,184
MU,2026-01-02,2026-09-25,184,184
NBIS,2026-01-02,2026-09-25,184,184
NVDA,2026-01-02,2026-09-25,184,184
NXPI,2026-01-02,2026-09-25,184,184
PANW,2026-01-02,2026-09-25,184,184
PLTR,2026-01-02,2026-09-25,184,184
QCOM,2026-01-02,2026-09-25,184,184
QQQ,2026-01-02,2026-09-25,184,184
SHOP,2026-01-02,2026-09-25,184,184
SNDK,2026-01-02,2026-09-25,184,184
SNPS,2026-01-02,2026-09-25,184,184
STX,2026-01-02,2026-09-25,184,184
TER,2026-01-02,2026-09-25,184,184
TXN,2026-01-02,2026-09-25,184,184
WDC,2026-01-02,2026-09-25,184,184
