window,sector,n,k,rate,symbols,event_dates,high10
discovery_5,ai_cloud,10,0,0.0,2,0,0
discovery_5,analog_power,25,1,0.04,5,1,0
discovery_5,compute_chips,25,4,0.16,5,1,3
discovery_5,eda,10,0,0.0,2,0,0
discovery_5,interconnect,29,1,0.034482758620689655,6,1,1
discovery_5,memory_storage,19,0,0.0,4,0,0
discovery_5,platform_software,79,0,0.0,16,0,0
discovery_5,power_industrial,10,0,0.0,2,0,0
discovery_5,semi_equipment,24,0,0.0,5,0,0
prior_5,ai_cloud,10,0,0.0,2,0,1
prior_5,analog_power,24,0,0.0,5,0,0
prior_5,compute_chips,25,1,0.04,5,1,1
prior_5,eda,10,0,0.0,2,0,0
prior_5,interconnect,30,2,0.06666666666666667,6,2,1
prior_5,memory_storage,20,0,0.0,4,0,0
prior_5,platform_software,80,3,0.0375,16,1,2
prior_5,power_industrial,10,0,0.0,2,0,0
prior_5,semi_equipment,25,0,0.0,5,0,0
prior_15,ai_cloud,30,1,0.03333333333333333,2,1,2
prior_15,analog_power,73,0,0.0,5,0,0
prior_15,compute_chips,73,2,0.0273972602739726,5,2,1
prior_15,eda,30,1,0.03333333333333333,2,1,1
prior_15,interconnect,87,2,0.022988505747126436,6,2,2
prior_15,memory_storage,59,1,0.01694915254237288,4,1,1
prior_15,platform_software,238,3,0.012605042016806723,16,1,4
prior_15,power_industrial,30,0,0.0,2,0,0
prior_15,semi_equipment,73,0,0.0,5,0,0
prior_40,ai_cloud,80,11,0.1375,2,7,10
prior_40,analog_power,197,2,0.01015228426395939,5,2,2
prior_40,compute_chips,200,7,0.035,5,4,8
prior_40,eda,80,0,0.0,2,0,0
prior_40,interconnect,198,12,0.06060606060606061,5,8,18
prior_40,memory_storage,158,15,0.0949367088607595,4,8,20
prior_40,platform_software,637,12,0.018838304552590265,16,11,11
prior_40,power_industrial,77,0,0.0,2,0,0
prior_40,semi_equipment,198,11,0.05555555555555555,5,6,14
prior_60,ai_cloud,120,12,0.1,2,8,13
prior_60,analog_power,294,2,0.006802721088435374,5,2,2
prior_60,compute_chips,298,10,0.03355704697986577,5,7,10
prior_60,eda,120,1,0.008333333333333333,2,1,1
prior_60,interconnect,315,16,0.050793650793650794,6,12,21
prior_60,memory_storage,237,16,0.06751054852320675,4,9,21
prior_60,platform_software,955,18,0.018848167539267015,16,13,17
prior_60,power_industrial,117,0,0.0,2,0,0
prior_60,semi_equipment,296,11,0.037162162162162164,5,6,14
