ticker,name,first_week,latest_week,weekly_coverage_pct,peak_week,peak_close,latest_close,drawdown_from_peak_pct,jan_median_close,current_vs_jan_pct,peak_vs_jan_pct,jan_to_peak_rally_retraced_pct,gain_start_to_peak_pct,avg_dollar_volume_20d,liquid,pullback_group,pullback_group_rank
NVDA,Nvidia Corp,2025-08-01,2026-08-20,100.0,2026-05-15,225.32,216.85,3.76,187.67,15.55,20.06,22.5,29.7,24805328777.0,True,1,G1/3
GOOGL,Alphabet Inc. Class A Common Stock,2025-08-01,2026-08-20,100.0,2026-05-08,400.8,340.67,15.0,328.57,3.68,21.98,83.25,111.92,9505406490.0,True,1,G1/3
GOOG,Alphabet Inc. Class C Capital Stock,2025-08-01,2026-08-20,100.0,2026-05-08,397.05,338.2,14.82,329.14,2.75,20.63,86.66,109.03,6361389657.0,True,1,G1/3
LITE,Lumentum Holdings Inc. Common Stock,2025-08-01,2026-08-20,100.0,2026-05-15,970.7,879.28,9.42,351.42,150.21,176.22,14.76,809.92,4365549460.0,True,1,G1/3
GEV,GE Vernova Inc.,2025-08-01,2026-08-20,100.0,2026-04-24,1149.19,966.01,15.94,679.55,42.15,69.11,39.0,75.05,2329207564.0,True,1,G1/3
COST,Costco Wholesale Corp,2025-08-01,2026-08-20,100.0,2026-05-15,1048.95,933.51,11.01,940.25,-0.72,11.56,106.2,10.12,1742679007.0,True,1,G1/3
FERG,Ferguson Enterprises Inc.,2025-08-01,2026-08-20,100.0,2026-05-01,264.27,239.44,9.4,249.0,-3.84,6.13,162.61,18.96,1120219923.0,True,1,G1/3
PFE,Pfizer Inc.,2025-08-01,2026-08-20,100.0,2026-04-02,28.32,27.79,1.87,25.65,8.34,10.41,19.85,20.56,1063359548.0,True,1,G1/3
NEE,"NextEra Energy, Inc.",2025-08-01,2026-08-20,100.0,2026-05-01,96.95,85.03,12.29,83.63,1.67,15.93,89.49,37.71,971457824.0,True,1,G1/3
PWR,"Quanta Services, Inc.",2025-08-01,2026-08-20,100.0,2026-05-15,769.99,662.47,13.96,466.75,41.93,64.97,35.46,94.85,807598986.0,True,1,G1/3
FIX,"Comfort Systems USA, Inc.",2025-08-01,2026-08-20,100.0,2026-05-15,1992.74,1672.94,16.05,1119.98,49.37,77.93,36.64,186.6,803981055.0,True,1,G1/3
MO,"Altria Group, Inc.",2025-08-01,2026-08-20,100.0,2026-05-01,74.55,66.94,10.21,61.76,8.39,20.71,59.5,20.67,700038164.0,True,1,G1/3
EQIX,"Equinix, Inc. Common Stock REIT",2025-08-01,2026-08-20,100.0,2026-04-24,1108.76,1082.61,2.36,800.35,35.27,38.53,8.48,43.67,660107716.0,True,1,G1/3
SLB,SLB Limited,2025-08-01,2026-08-20,100.0,2026-05-22,57.28,53.55,6.51,46.73,14.59,22.58,35.36,73.31,578988865.0,True,1,G1/3
TT,Trane Technologies plc,2025-08-01,2026-08-20,100.0,2026-05-01,486.48,451.1,7.27,389.53,15.81,24.89,36.49,10.75,542447243.0,True,1,G1/3
DLR,"Digital Realty Trust, Inc.",2025-08-01,2026-08-20,100.0,2026-04-17,203.62,194.3,4.58,159.16,22.08,27.93,20.96,18.24,504763949.0,True,1,G1/3
BKR,Baker Hughes Company,2025-08-01,2026-08-20,100.0,2026-05-01,69.12,62.78,9.17,51.75,21.31,33.57,36.5,58.86,494308281.0,True,1,G1/3
WMB,Williams Companies Inc.,2025-08-01,2026-08-20,100.0,2026-05-22,78.47,71.68,8.65,61.55,16.46,27.49,40.13,30.2,461256971.0,True,1,G1/3
MSCI,"MSCI, Inc.",2025-08-01,2026-08-20,100.0,2026-05-29,631.38,568.75,9.92,589.76,-3.56,7.06,150.48,13.27,403528930.0,True,1,G1/3
SWKS,Skyworks Solutions Inc,2025-08-01,2026-08-20,100.0,2026-05-22,82.42,67.94,17.57,58.96,15.23,39.79,61.72,21.76,373407727.0,True,1,G1/3
HAL,Halliburton Company,2025-08-01,2026-08-20,100.0,2026-05-15,41.76,35.69,14.54,32.63,9.38,27.98,66.48,93.33,342037583.0,True,1,G1/3
SRE,Sempra,2025-08-01,2026-08-20,100.0,2026-04-02,99.2,87.38,11.92,88.82,-1.62,11.69,113.87,22.51,335646115.0,True,1,G1/3
EME,"EMCOR Group, Inc.",2025-08-01,2026-08-20,100.0,2026-05-08,921.64,787.39,14.57,694.21,13.42,32.76,59.03,47.54,333013838.0,True,1,G1/3
PPL,PPL Corporation,2025-08-01,2026-08-20,100.0,2026-04-10,39.65,35.2,11.22,36.21,-2.79,9.5,129.36,11.19,310969793.0,True,1,G1/3
HUBB,Hubbell Incorporated,2025-08-01,2026-08-20,100.0,2026-04-24,553.07,469.76,15.06,485.53,-3.25,13.91,123.35,29.6,306714184.0,True,1,G1/3
ZM,"Zoom Communications, Inc. Class A Common Stock",2025-08-01,2026-08-20,100.0,2026-05-08,109.21,106.3,2.66,85.18,24.79,28.21,12.11,53.88,297783849.0,True,1,G1/3
SU,"Suncor Energy, Inc.",2025-08-01,2026-08-20,100.0,2026-05-15,68.29,67.94,0.51,49.74,36.59,37.29,1.89,74.92,295069580.0,True,1,G1/3
ENB,"Enbridge, Inc",2025-08-01,2026-08-20,100.0,2026-05-22,58.04,50.99,12.15,48.12,5.96,20.62,71.07,25.63,283399348.0,True,1,G1/3
CMS,CMS Energy Corporation,2025-08-01,2026-08-20,100.0,2026-04-10,79.38,69.83,12.03,70.7,-1.23,12.28,110.02,7.15,283088537.0,True,1,G1/3
UTHR,United Therapeutics Corp,2025-08-01,2026-08-20,100.0,2026-04-17,588.38,521.0,11.45,469.49,10.97,25.32,56.67,99.94,277501382.0,True,1,G1/3
ETR,Entergy Corporation,2025-08-01,2026-08-20,100.0,2026-04-10,116.47,107.34,7.84,93.86,14.36,24.09,40.38,29.89,265461628.0,True,1,G1/3
ED,"Consolidated Edison, Inc.",2025-08-01,2026-08-20,100.0,2026-04-02,115.43,108.31,6.17,103.81,4.33,11.19,61.27,10.52,263779127.0,True,1,G1/3
RIG,Transocean LTD.,2025-08-01,2026-08-20,100.0,2026-05-15,7.04,6.01,14.63,4.25,41.41,65.65,36.92,149.65,253673472.0,True,1,G1/3
VRSN,VeriSign Inc,2025-08-01,2026-08-20,100.0,2026-05-22,310.0,276.9,10.68,248.94,11.23,24.53,54.21,16.82,241798882.0,True,1,G1/3
FE,FirstEnergy Corp.,2025-08-01,2026-08-20,100.0,2026-04-10,51.43,47.18,8.26,46.56,1.33,10.46,87.27,19.08,218376563.0,True,1,G1/3
TSN,"Tyson Foods, Inc.",2025-08-01,2026-08-20,100.0,2026-05-08,68.38,58.4,14.59,60.07,-2.78,13.83,120.1,30.17,193035220.0,True,1,G1/3
ATO,Atmos Energy Corporation,2025-08-01,2026-08-20,100.0,2026-04-10,190.36,170.52,10.42,166.78,2.24,14.14,84.14,22.17,182367682.0,True,1,G1/3
QSR,Restaurant Brands International Inc.,2025-08-01,2026-08-20,100.0,2026-04-24,80.9,79.55,1.67,68.33,16.42,18.4,10.74,18.94,179712888.0,True,1,G1/3
BG,Bunge Global SA,2025-08-01,2026-08-20,100.0,2026-04-02,129.42,116.57,9.93,107.81,8.13,20.04,59.46,65.92,150304010.0,True,1,G1/3
TRP,TC Energy Corporation,2025-08-01,2026-08-20,100.0,2026-05-22,70.91,63.03,11.11,55.93,12.69,26.78,52.6,46.6,145927604.0,True,1,G1/3
DTM,"DT Midstream, Inc.",2025-08-01,2026-08-20,100.0,2026-05-22,151.12,129.99,13.98,120.99,7.44,24.9,70.13,43.09,132092146.0,True,1,G1/3
EPD,Enterprise Products Partners L.P.,2025-08-01,2026-08-20,100.0,2026-05-22,39.63,38.43,3.03,32.9,16.81,20.46,17.83,28.92,130841281.0,True,1,G1/3
HBM,Hudbay Minerals Inc.,2025-08-01,2026-08-20,100.0,2026-05-29,29.16,28.15,3.46,22.5,25.11,29.6,15.17,221.85,128463891.0,True,1,G1/3
QRVO,"Qorvo, Inc.",2025-08-01,2026-08-20,100.0,2026-05-22,106.43,96.31,9.51,80.91,19.03,31.54,39.66,26.54,119230348.0,True,1,G1/3
APG,APi Group Corporation,2025-08-01,2026-08-20,100.0,2026-04-24,48.6,41.93,13.72,41.83,0.24,16.18,98.52,38.58,111388675.0,True,1,G1/3
TTE,TotalEnergies SE,2025-08-01,2026-08-20,100.0,2026-05-01,92.78,90.9,2.03,66.51,36.67,39.5,7.16,56.83,109327074.0,True,1,G1/3
ALSN,"ALLISON TRANSMISSION HOLDINGS, INC.",2025-08-01,2026-08-20,100.0,2026-04-24,135.51,129.12,4.72,108.7,18.79,24.66,23.83,54.53,104522056.0,True,1,G1/3
WH,"Wyndham Hotels & Resorts, Inc. Common Stock",2025-08-01,2026-08-20,100.0,2026-04-17,89.28,75.31,15.65,77.37,-2.66,15.39,117.3,6.5,98563387.0,True,1,G1/3
VAL,Valaris Limited,2025-08-01,2026-08-20,100.0,2026-05-15,105.43,89.0,15.58,53.99,64.85,95.28,31.94,132.84,97400868.0,True,1,G1/3
SCI,Service Corporation International,2025-08-01,2026-08-20,100.0,2026-04-24,87.73,83.37,4.97,80.81,3.17,8.56,63.01,12.72,93091945.0,True,1,G1/3
PTEN,Patterson-UTI Energy Inc,2025-08-01,2026-08-20,100.0,2026-05-15,12.42,12.18,1.93,7.15,70.35,73.71,4.55,124.19,86303283.0,True,1,G1/3
GSAT,"Globalstar, Inc. Common Stock",2025-08-01,2026-08-20,100.0,2026-05-29,84.21,82.0,2.62,61.62,33.07,36.66,9.78,263.76,81763955.0,True,1,G1/3
WFRD,Weatherford International plc Ordinary Shares,2025-08-01,2026-08-20,100.0,2026-05-01,109.49,91.24,16.67,89.24,2.24,22.69,90.12,100.02,77984190.0,True,1,G1/3
FCFS,"FirstCash Holdings, Inc. Common Stock",2025-08-01,2026-08-20,100.0,2026-05-08,227.68,205.91,9.56,167.43,22.98,35.99,36.13,73.7,77127303.0,True,1,G1/3
KEX,Kirby Corporation,2025-08-01,2026-08-20,100.0,2026-04-24,150.6,139.22,7.56,125.47,10.96,20.03,45.28,57.7,76083126.0,True,1,G1/3
MLI,"Mueller Industries, Inc.",2025-08-01,2026-08-20,100.0,2026-05-08,70.415,61.96,12.01,66.365,-6.64,6.1,208.77,68.98,73429202.0,True,1,G1/3
VNOM,"Viper Energy, Inc. Class A Common Stock",2025-08-01,2026-08-20,100.0,2026-05-01,49.9,45.03,9.76,38.78,16.12,28.67,43.79,36.34,73029550.0,True,1,G1/3
WRBY,Warby Parker Inc.,2025-08-01,2026-08-20,100.0,2026-05-08,29.55,27.46,7.07,26.38,4.09,12.02,65.93,25.21,72897936.0,True,1,G1/3
FCN,"FTI Consulting, Inc.",2025-08-01,2026-08-20,100.0,2026-04-24,184.23,153.49,16.69,176.55,-13.06,4.35,400.26,11.3,70456848.0,True,1,G1/3
GLNG,Golar LNG Ltd,2025-08-01,2026-08-20,100.0,2026-05-15,57.04,52.14,8.59,39.6,31.67,44.04,28.1,40.91,67630665.0,True,1,G1/3
BTE,Baytex Energy Corp.,2025-08-01,2026-08-20,100.0,2026-05-15,5.17,4.82,6.77,3.31,45.62,56.19,18.82,146.19,65329092.0,False,1,G1/3
STNG,Scorpio Tankers Inc.,2025-08-01,2026-08-20,100.0,2026-05-08,84.41,78.4,7.12,58.53,33.95,44.22,23.22,79.4,63794702.0,True,1,G1/3
NE,Noble Corporation plc,2025-08-01,2026-08-20,100.0,2026-05-15,52.9,46.98,11.19,32.69,43.71,61.82,29.29,105.84,63334500.0,True,1,G1/3
OUT,OUTFRONT Media Inc.,2025-08-01,2026-08-20,100.0,2026-05-08,33.9,29.78,12.15,24.36,22.25,39.16,43.19,96.86,61083404.0,True,1,G1/3
BKH,Black Hills Corporation,2025-08-01,2026-08-20,100.0,2026-04-17,76.07,73.29,3.65,71.68,2.25,6.12,63.33,31.56,58213940.0,True,1,G1/3
TNL,Travel + Leisure Co.,2025-08-01,2026-08-20,100.0,2026-04-17,78.33,70.74,9.69,72.03,-1.79,8.75,120.48,34.1,56951110.0,True,1,G1/3
PCVX,"Vaxcyte, Inc. Common Stock",2025-08-01,2026-08-20,100.0,2026-04-17,62.35,61.34,1.62,46.59,31.66,33.83,6.41,88.82,55411833.0,True,1,G1/3
TXNM,"TXNM Energy, Inc.",2025-08-01,2026-08-20,100.0,2026-05-22,59.47,57.46,3.38,59.05,-2.69,0.71,478.57,4.89,45781759.0,True,1,G1/3
WTM,White Mountains Insurance Group Ltd.,2025-08-01,2026-08-20,100.0,2026-04-17,2319.41,2117.7,8.7,2048.45,3.38,13.23,74.44,30.68,45122637.0,True,1,G1/3
FIGS,"FIGS, Inc.",2025-08-01,2026-08-20,100.0,2026-04-24,16.51,14.41,12.72,11.39,26.51,44.95,41.02,165.86,41352518.0,True,1,G1/3
SWX,"Southwest Gas Holdings, Inc.",2025-08-01,2026-08-20,100.0,2026-05-01,93.2,91.3,2.04,82.82,10.24,12.53,18.3,19.72,40510051.0,True,1,G1/3
OGS,"ONE GAS, INC.",2025-08-01,2026-08-20,100.0,2026-04-10,90.0,81.39,9.57,77.42,5.13,16.25,68.44,24.12,38098051.0,True,1,G1/3
HASI,"HA Sustainable Infrastructure Capital, Inc.",2025-08-01,2026-08-20,100.0,2026-05-01,42.53,40.62,4.49,33.95,19.65,25.27,22.26,65.55,37382309.0,True,1,G1/3
DRS,"Leonardo DRS, Inc. Common Stock",2025-08-01,2026-08-20,100.0,2026-05-29,48.76,41.0,15.91,40.99,0.02,18.96,99.87,17.01,36773065.0,True,1,G1/3
SR,Spire Inc.,2025-08-01,2026-08-20,100.0,2026-04-10,94.38,83.3,11.74,83.21,0.11,13.42,99.19,27.15,36761961.0,True,1,G1/3
KOS,Kosmos Energy Ltd.,2025-08-01,2026-08-20,100.0,2026-05-15,3.23,3.02,6.5,1.27,137.8,154.33,10.71,65.64,33799662.0,False,1,G1/3
SDRL,Seadrill Limited,2025-08-01,2026-08-20,100.0,2026-05-15,52.7,47.89,9.13,35.47,35.02,48.58,27.92,89.57,31803988.0,True,1,G1/3
BEP,Brookfield Renewable Partners L.P.,2025-08-01,2026-08-20,100.0,2026-05-29,37.09,32.92,11.24,28.2,16.74,31.52,46.91,43.59,31263032.0,True,1,G1/3
MDU,"MDU Resources Group, Inc.",2025-08-01,2026-08-20,100.0,2026-05-01,22.6,20.31,10.13,20.25,0.3,11.6,97.45,32.16,30511093.0,True,1,G1/3
STOK,"Stoke Therapeutics, Inc. Common Stock",2025-08-01,2026-08-20,100.0,2026-04-17,37.27,31.4,15.75,30.34,3.49,22.84,84.7,188.69,28163482.0,True,1,G1/3
NVCR,NovoCure Limited Ordinary Shares,2025-08-01,2026-08-20,100.0,2026-05-22,17.96,17.77,1.06,13.45,32.12,33.53,4.21,58.66,25617128.0,True,1,G1/3
INGM,Ingram Micro Holding Corporation,2025-08-01,2026-08-20,100.0,2026-04-24,30.35,27.28,10.12,21.12,29.17,43.7,33.26,56.2,25356466.0,True,1,G1/3
RUM,RUM Group Inc. Class A Common Stock,2025-08-01,2026-08-20,100.0,2026-05-29,9.19,8.43,8.27,6.16,36.85,49.19,25.08,14.02,23489244.0,True,1,G1/3
PRDO,Perdoceo Education Corporation,2025-08-01,2026-08-20,100.0,2026-04-02,37.53,32.48,13.46,32.03,1.4,17.17,91.82,26.36,22942345.0,True,1,G1/3
NBR,Nabors Industries Ltd.,2025-08-01,2026-08-20,100.0,2026-05-22,105.41,91.82,12.89,63.41,44.8,66.24,32.36,232.94,22822460.0,True,1,G1/3
KOPN,Kopin Corp,2025-08-01,2026-08-20,100.0,2026-05-29,5.71,4.89,14.36,2.84,72.18,101.06,28.57,228.16,20242808.0,False,1,G1/3
USLM,United States Lime & Minerals,2025-08-01,2026-08-20,100.0,2026-04-17,139.46,120.2,13.81,127.885,-6.01,9.05,166.39,40.84,19462701.0,False,1,G1/3
JBIO,"Jade Biosciences, Inc. Common Stock",2025-08-01,2026-08-20,100.0,2026-05-08,25.81,21.23,17.75,14.7,44.42,75.58,41.22,274.6,18818448.0,False,1,G1/3
NNI,"Nelnet, Inc. Class A",2025-08-01,2026-08-20,100.0,2026-05-01,141.66,126.6,10.63,131.9,-4.02,7.4,154.3,15.09,17795155.0,False,1,G1/3
TSHA,"Taysha Gene Therapies, Inc. Common Stock",2025-08-01,2026-08-20,100.0,2026-05-08,6.81,6.11,10.28,4.66,31.12,46.14,32.56,158.94,16785664.0,False,1,G1/3
WTI,"W&T Offshore, Inc.",2025-08-01,2026-08-20,100.0,2026-05-15,4.75,4.01,15.58,1.81,121.55,162.43,25.17,179.41,15045358.0,False,1,G1/3
AVTX,"Avalo Therapeutics, Inc. Common Stock",2025-08-01,2026-08-20,100.0,2026-05-08,21.57,19.82,8.11,15.75,25.84,36.95,30.07,173.38,14842009.0,False,1,G1/3
CASH,"Pathward Financial, Inc. Common Stock",2025-08-01,2026-08-20,100.0,2026-04-17,99.35,83.97,15.48,75.24,11.6,32.04,63.79,32.84,14371740.0,False,1,G1/3
DRUG,Bright Minds Biosciences Inc. Common Stock,2025-08-01,2026-08-20,100.0,2026-04-17,89.9,78.56,12.61,86.75,-9.44,3.63,360.0,167.32,14318298.0,False,1,G1/3
KRP,"Kimbell Royalty Partners, LP Common Units representing Limited Partner Interests",2025-08-01,2026-08-20,100.0,2026-05-01,15.46,15.17,1.88,12.16,24.75,27.14,8.79,4.96,14308948.0,False,1,G1/3
INVA,"Innoviva, Inc. Common Stock",2025-08-01,2026-08-20,100.0,2026-04-17,24.24,21.0,13.37,19.58,7.25,23.8,69.53,30.11,14127382.0,False,1,G1/3
TRMD,TORM plc Class A Common Stock,2025-08-01,2026-08-20,100.0,2026-05-08,33.92,31.06,8.43,22.67,37.01,49.63,25.42,84.25,13387863.0,False,1,G1/3
VIR,"Vir Biotechnology, Inc. Common Stock",2025-08-01,2026-08-20,100.0,2026-04-17,10.75,9.21,14.33,6.06,51.98,77.39,32.84,113.72,13361480.0,False,1,G1/3
FLOC,Flowco Holdings Inc.,2025-08-01,2026-08-20,100.0,2026-05-15,27.31,22.7,16.88,20.41,11.22,33.81,66.81,58.87,12369257.0,False,1,G1/3
ZYME,Zymeworks Inc.,2025-08-01,2026-08-20,100.0,2026-04-24,28.1,26.57,5.44,23.24,14.33,20.91,31.48,123.55,11951806.0,False,1,G1/3
IMXI,"International Money Express, Inc.",2025-08-01,2026-08-20,100.0,2026-04-24,15.94,14.05,11.86,15.47,-9.18,3.04,402.13,83.01,11586777.0,False,1,G1/3
IMKTA,Ingles Markets Inc,2025-08-01,2026-08-20,100.0,2026-04-10,94.04,84.82,9.8,70.87,19.68,32.69,39.79,48.8,11164633.0,False,1,G1/3
CABA,"Cabaletta Bio, Inc. Common Stock",2025-08-01,2026-08-20,100.0,2026-05-08,3.88,3.19,17.78,2.21,44.34,75.57,41.32,169.44,10979846.0,False,1,G1/3
NWN,Northwest Natural Holding Company,2025-08-01,2026-08-20,100.0,2026-04-10,55.6,50.59,9.01,46.56,8.66,19.42,55.42,39.42,10878483.0,False,1,G1/3
IHS,IHS Holding Limited,2025-08-01,2026-08-20,100.0,2026-05-22,8.39,8.36,0.36,7.58,10.29,10.69,3.7,29.28,10290609.0,False,1,G1/3
CCCC,"C4 Therapeutics, Inc.",2025-08-01,2026-08-20,100.0,2026-05-29,4.37,4.03,7.78,2.14,88.32,104.21,15.25,106.13,9775756.0,False,1,G1/3
VTOL,Bristow Group Inc.,2025-08-01,2026-08-20,100.0,2026-04-10,49.77,45.94,7.7,40.18,14.34,23.87,39.94,50.23,9733729.0,False,1,G1/3
ASC,ARDMORE SHIPPING CORPORATION,2025-08-01,2026-08-20,100.0,2026-05-08,19.53,18.19,6.86,11.91,52.73,63.98,17.59,83.38,9560605.0,False,1,G1/3
FLNG,FLEX LNG Ltd. Ordinary Shares,2025-08-01,2026-08-20,100.0,2026-05-08,32.72,32.06,2.02,26.41,21.39,23.89,10.46,30.93,9445455.0,False,1,G1/3
NVGS,NAVIGATOR HOLDINGS LTD.,2025-08-01,2026-08-20,100.0,2026-05-15,23.87,22.02,7.75,18.0,22.33,32.61,31.52,54.3,8904930.0,False,1,G1/3
ARCO,ARCOS DORADOS HOLDINGS INC.,2025-08-01,2026-08-20,100.0,2026-04-24,9.23,7.8,15.49,7.78,0.26,18.64,98.62,41.13,8893942.0,False,1,G1/3
AVO,"Mission Produce, Inc. Common Stock",2025-08-01,2026-08-20,100.0,2026-04-10,14.81,13.24,10.6,12.44,6.43,19.05,66.24,21.0,8865400.0,False,1,G1/3
OBE,Obsidian Energy Ltd.,2025-08-01,2026-08-20,100.0,2026-05-01,14.2,12.11,14.72,6.45,87.75,120.16,26.97,140.68,8528096.0,False,1,G1/3
PRAA,"PRA Group, Inc.",2025-08-01,2026-08-20,100.0,2026-05-01,22.23,18.63,16.19,16.64,11.96,33.59,64.4,47.61,8150022.0,False,1,G1/3
NEXA,Nexa Resources S.A. Common Shares,2025-08-01,2026-08-20,100.0,2026-04-17,16.0,14.07,12.06,11.8,19.24,35.59,45.95,242.61,8069079.0,False,1,G1/3
HAFN,Hafnia Limited,2025-08-01,2026-08-20,100.0,2026-05-08,8.96,7.89,11.94,5.74,37.46,56.1,33.23,63.8,7874632.0,False,1,G1/3
USAC,USA COMPRESSION PARTNERS LP,2025-08-01,2026-08-20,100.0,2026-05-15,29.67,26.36,11.16,25.15,4.81,17.97,73.23,28.0,7608666.0,False,1,G1/3
TEN,Tsakos Energy Navigation Ltd.,2025-08-01,2026-08-20,100.0,2026-05-08,43.8,42.32,3.38,25.52,65.83,71.63,8.1,125.19,7534500.0,False,1,G1/3
SBGI,"Sinclair, Inc. Class A Common Stock",2025-08-01,2026-08-20,100.0,2026-04-17,16.79,14.35,14.53,15.05,-4.65,11.56,140.23,19.08,7411912.0,False,1,G1/3
REX,REX American Resources Corp.,2025-08-01,2026-08-20,100.0,2026-05-15,50.06,44.39,11.33,33.59,32.15,49.03,34.43,96.35,7176420.0,False,1,G1/3
EGY,"Vaalco Energy, Inc.",2025-08-01,2026-08-20,100.0,2026-05-01,6.48,6.03,6.94,4.5,34.0,44.0,22.73,80.0,6872750.0,False,1,G1/3
REPX,"Riley Exploration Permian, Inc.",2025-08-01,2026-08-20,100.0,2026-04-10,39.54,37.97,3.97,27.17,39.75,45.53,12.69,55.67,6714477.0,False,1,G1/3
STTK,"Shattuck Labs, Inc. Common Stock",2025-08-01,2026-08-20,100.0,2026-04-24,7.74,7.25,6.33,4.15,74.7,86.51,13.65,957.38,6574082.0,False,1,G1/3
SRTA,"Strata Critical Medical, Inc. Class A Common Stock",2025-08-29,2026-08-20,92.9,2026-05-29,6.31,5.96,5.55,5.47,8.96,15.36,41.67,44.39,6434509.0,False,1,G1/3
ADUR,Aduro Clean Technologies Inc. Common Stock,2025-08-01,2026-08-20,100.0,2026-05-29,16.85,15.85,5.93,13.01,21.83,29.52,26.04,65.03,6429216.0,False,1,G1/3
TK,Teekay Corporation Ltd.,2025-08-01,2026-08-20,100.0,2026-05-08,14.09,13.18,6.46,9.65,36.58,46.01,20.5,94.88,6035682.0,False,1,G1/3
ICL,ICL Group Ltd.,2025-08-01,2026-08-20,100.0,2026-05-29,6.64,5.52,16.87,5.4,2.22,22.96,90.32,7.79,5956831.0,False,1,G1/3
FOSL,"Fossil Group, Inc.",2025-08-01,2026-08-20,100.0,2026-04-17,5.6,5.58,0.36,3.82,46.07,46.6,1.12,252.2,5887585.0,False,1,G1/3
TR,"Tootsie Roll Industries, Inc.",2025-08-01,2026-08-20,100.0,2026-04-10,44.23,41.67,5.79,36.2816,14.85,21.91,32.21,21.32,5742100.0,False,1,G1/3
AURA,"Aura Biosciences, Inc. Common Stock",2025-08-01,2026-08-20,100.0,2026-05-08,8.4,7.77,7.5,5.3,46.6,58.49,20.32,24.63,5588306.0,False,1,G1/3
CMRE,Costamare Inc.,2025-08-01,2026-08-20,100.0,2026-05-08,17.62,15.18,13.85,15.92,-4.65,10.68,143.53,71.4,5266735.0,False,1,G1/3
HSHP,Himalaya Shipping Ltd.,2025-08-01,2026-08-20,100.0,2026-05-08,16.24,16.12,0.74,9.24,74.46,75.76,1.71,139.53,5145064.0,False,1,G1/3
MCFT,"MasterCraft Boat Holdings, Inc. Common Stock",2025-08-01,2026-08-20,100.0,2026-05-08,27.38,25.32,7.52,21.53,17.6,27.17,35.21,43.95,4459017.0,False,1,G1/3
NGL,NGL ENERGY PARTNERS LP,2025-08-01,2026-08-20,100.0,2026-05-22,18.11,17.05,5.85,9.9,72.22,82.93,12.91,340.63,4336667.0,False,1,G1/3
TBN,Tamboran Resources Corporation,2025-08-01,2026-08-20,100.0,2026-04-02,43.73,37.97,13.17,27.5,38.07,59.02,35.49,118.76,4192553.0,False,1,G1/3
ARTV,"Artiva Biotherapeutics, Inc. Common Stock",2025-08-01,2026-08-20,100.0,2026-04-17,12.55,11.14,11.24,4.42,152.04,183.94,17.34,343.46,3869702.0,False,1,G1/3
RNGR,"Ranger Energy Services, Inc.",2025-08-01,2026-08-20,100.0,2026-04-24,18.32,17.4,5.02,14.7,18.37,24.63,25.41,44.03,3836071.0,False,1,G1/3
OVID,Ovid Therapeutics Inc. Common Stock,2025-08-01,2026-08-20,100.0,2026-04-17,2.91,2.74,5.84,1.67,64.07,74.25,13.71,482.0,3810450.0,False,1,G1/3
GRNT,"Granite Ridge Resources, Inc.",2025-08-01,2026-08-20,100.0,2026-05-01,6.01,5.18,13.81,4.6,12.61,30.65,58.87,23.16,3721476.0,False,1,G1/3
GAIN,Gladstone Investment Corporation,2025-08-01,2026-08-20,100.0,2026-05-01,16.82,16.35,2.79,13.93,17.37,20.75,16.26,21.18,3530666.0,False,1,G1/3
PERI,Perion Network Ltd.,2025-08-01,2026-08-20,100.0,2026-05-08,11.06,9.5,14.1,9.35,1.6,18.29,91.23,4.64,3236990.0,False,1,G1/3
PRPO,"Precipio, Inc. Common Stock",2025-08-01,2026-08-20,100.0,2026-05-01,30.94,29.43,4.88,24.54,19.93,26.08,23.59,113.97,3109220.0,False,1,G1/3
NPB,"Northpointe Bancshares, Inc.",2025-08-01,2026-08-20,100.0,2026-04-17,19.19,17.32,9.74,17.3,0.12,10.92,98.94,32.34,3078683.0,False,1,G1/3
JOUT,Johnson Outdoors Inc,2025-08-01,2026-08-20,100.0,2026-05-01,53.34,47.12,11.66,44.71,5.39,19.3,72.07,48.58,2271379.0,False,1,G1/3
ESP,Espey Mfg. & Electronics Corp,2025-08-01,2026-08-20,100.0,2026-05-08,71.13,62.31,12.4,52.87,17.86,34.54,48.3,53.17,2146281.0,False,1,G1/3
DSX,"Diana Shipping, Inc.",2025-08-01,2026-08-20,100.0,2026-05-08,2.71,2.65,2.21,2.05,29.27,32.2,9.09,81.88,2040026.0,False,1,G1/3
VLGEA,Village Super Market,2025-08-01,2026-08-20,100.0,2026-05-29,46.46,43.14,7.15,35.17,22.66,32.1,29.41,36.89,1959983.0,False,1,G1/3
ATII,Archimedes Tech SPAC Partners II Co. Ordinary Shares,2025-08-01,2026-08-20,96.4,2026-05-22,11.38,10.63,6.59,10.46,1.63,8.8,81.52,11.57,1743220.0,False,1,G1/3
CHW,Calamos Global Dynamic Income Fund,2025-08-01,2026-08-20,100.0,2026-05-29,9.12,8.43,7.57,7.84,7.53,16.33,53.91,28.63,1713264.0,False,1,G1/3
AFYA,Afya Limited Class A Common Shares,2025-08-01,2026-08-20,100.0,2026-04-17,15.86,13.88,12.48,14.95,-7.16,6.09,217.58,15.94,1520227.0,False,1,G1/3
NHIC,NewHold Investment Corp III Class A Ordinary shares,2025-08-08,2026-08-20,98.2,2026-05-29,11.3,10.61,6.11,10.38,2.22,8.86,75.0,10.68,1341366.0,False,1,G1/3
ACTG,Acacia Research Corporation,2025-08-01,2026-08-20,100.0,2026-05-01,5.13,4.51,12.09,3.81,18.37,34.65,46.97,49.56,1272532.0,False,1,G1/3
TBLD,Thornburg Income Builder Opportunities Trust Common Stock,2025-08-01,2026-08-20,100.0,2026-05-22,22.77,22.23,2.37,20.63,7.76,10.37,25.23,16.98,1013462.0,False,1,G1/3
OVLY,Oak Valley Bancorp,2025-08-01,2026-08-20,100.0,2026-04-17,35.06,34.11,2.71,31.2,9.33,12.37,24.61,32.85,962026.0,False,1,G1/3
ISOU,IsoEnergy Ltd.,2025-08-01,2026-08-20,100.0,2026-05-08,12.05,10.24,15.02,10.94,-6.4,10.15,163.06,90.97,877452.0,False,1,G1/3
ALCO,Alico Inc,2025-08-01,2026-08-20,100.0,2026-04-10,44.21,39.5,10.65,39.23,0.69,12.69,94.58,37.9,852651.0,False,1,G1/3
KGEI,Kolibri Global Energy Inc. Common Stock,2025-08-01,2026-08-20,100.0,2026-05-15,6.11,6.09,0.33,3.91,55.75,56.27,0.91,3.74,805770.0,False,1,G1/3
EPSN,Epsilon Energy Ltd.,2025-08-01,2026-08-20,100.0,2026-04-02,6.36,5.645,11.24,4.6,22.72,38.26,40.63,4.26,781990.0,False,1,G1/3
CGEN,Compugen Ltd,2025-08-01,2026-08-20,100.0,2026-04-24,3.1,2.65,14.52,1.88,40.96,64.89,36.89,109.46,702437.0,False,1,G1/3
CURR,Currenc Group Inc. Ordinary Shares,2025-08-01,2026-08-20,100.0,2026-05-08,4.47,3.85,13.87,1.68,129.17,166.07,22.22,124.62,648149.0,False,1,G1/3
CMT,"Core Molding Technologies, Inc.",2025-08-01,2026-08-20,100.0,2026-04-24,28.1,26.18,6.83,19.17,36.57,46.58,21.5,70.3,591444.0,False,1,G1/3
CHCI,"Comstock Holding Companies, Inc. Class A",2025-08-01,2026-08-20,100.0,2026-04-02,19.49,18.56,4.77,11.88,56.23,64.06,12.22,56.55,484559.0,False,1,G1/3
KNOP,KNOT OFFSHORE PARTNERS LP,2025-08-01,2026-08-20,100.0,2026-05-22,11.46,10.51,8.29,10.49,0.19,9.25,97.94,65.13,463731.0,False,1,G1/3
DHCNL,Diversified Healthcare Trust 6.25% Senior Notes Due 2046,2025-08-01,2026-08-20,100.0,2026-05-08,19.45,18.78,3.44,18.37,2.23,5.88,62.04,13.34,412818.0,False,1,G1/3
CGO,Calamos Global Total Return Fund,2025-08-01,2026-08-20,100.0,2026-05-29,14.045,13.13,6.51,12.0,9.42,17.04,44.74,22.34,410012.0,False,1,G1/3
BPYPM,"Brookfield Property Partners L.P. 6.25% Class A Cumulative Redeemable Preferred Units, Series 1",2025-08-01,2026-08-20,100.0,2026-05-29,17.45,16.505,5.42,15.73,4.93,10.93,54.94,10.79,346179.0,False,1,G1/3
AXR,AMREP Corporation,2025-08-01,2026-08-20,100.0,2026-04-24,27.93,23.25,16.76,20.78,11.89,34.41,65.45,26.95,315841.0,False,1,G1/3
ULBI,Ultralife Corporation,2025-08-01,2026-08-20,100.0,2026-04-17,7.735,6.85,11.44,6.38,7.37,21.24,65.31,0.06,300192.0,False,1,G1/3
NMFCZ,New Mountain Finance Corporation 8.250% Notes due 2028,2025-08-01,2026-08-20,100.0,2026-04-24,25.67,25.22,1.75,25.43,-0.83,0.94,187.5,1.66,280216.0,False,1,G1/3
AXIN,Axiom Intelligence Acquisition Corp 1 Class A Ordinary Shares,2025-08-01,2026-08-20,98.2,2026-05-29,10.39,10.31,0.77,10.0877,2.2,3.0,26.47,4.21,279314.0,False,1,G1/3
MKTW,"MarketWise, Inc. Class A Common Stock",2025-08-01,2026-08-20,100.0,2026-05-08,20.68,18.2,11.99,16.18,12.48,27.81,55.11,11.66,262259.0,False,1,G1/3
DHCNI,Diversified Healthcare Trust 5.625% Senior Notes due 2042,2025-08-01,2026-08-20,100.0,2026-05-15,18.88,18.49,2.07,17.02,8.64,10.93,20.97,12.38,233345.0,False,1,G1/3
NL,"NLI Holdings, Inc.",2025-08-01,2026-08-20,100.0,2026-05-15,7.61,6.44,15.37,6.08,5.92,25.16,76.47,34.45,228083.0,False,1,G1/3
GAINZ,Gladstone Investment Corporation 4.875% Notes due 2028,2025-08-01,2026-08-20,100.0,2026-05-08,24.29,24.2,0.37,23.995,0.85,1.23,30.51,3.72,214901.0,False,1,G1/3
BPYPO,"Brookfield Property Partners L.P. 6.375% Class A Cumulative Redeemable Perpetual Preferred Units, Series 2",2025-08-01,2026-08-20,100.0,2026-04-24,15.405,15.35,0.36,14.91,2.95,3.32,11.11,7.17,191698.0,False,1,G1/3
BPYPN,"Brookfield Property Partners L.P. 5.750% Class A Cumulative Redeemable Perpetual Preferred Units, Series 3",2025-08-01,2026-08-20,100.0,2026-05-08,14.04,14.0,0.28,13.65,2.56,2.86,10.26,7.83,173714.0,False,1,G1/3
SELF,"Global Self Storage, Inc. Common Stock",2025-08-01,2026-08-20,100.0,2026-05-01,5.56,5.55,0.18,5.06,9.68,9.88,2.0,7.75,167067.0,False,1,G1/3
CPSS,Consumer Portfolio Services,2025-08-01,2026-08-20,100.0,2026-05-08,10.17,9.26,8.95,8.7,6.44,16.9,61.9,26.81,166044.0,False,1,G1/3
COLA,Columbus Acquisition Corp Ordinary Shares,2025-08-01,2026-08-20,100.0,2026-05-15,11.11,10.7,3.69,10.5,1.9,5.81,67.21,9.14,138763.0,False,1,G1/3
RWAYL,Runway Growth Finance Corp. 7.50% Notes due 2027,2025-08-01,2026-08-20,100.0,2026-04-24,25.5,25.12,1.49,25.31,-0.75,0.75,200.0,0.75,111079.0,False,1,G1/3
MBINM,"Merchants Bancorp Depositary Shares, Each Representing a 1/40th Interest in a Share of 8.25% Fixed-Rate Reset Series D Non-Cumulative Perpetual Preferred Stock",2025-08-01,2026-08-20,100.0,2026-05-22,25.68,25.55,0.51,25.46,0.35,0.86,59.09,1.7,105124.0,False,1,G1/3
OXLCG,Oxford Lane Capital Corp. 7.95% Notes due 2032,2025-08-01,2026-08-20,100.0,2026-05-08,25.475,25.13,1.35,25.29,-0.63,0.73,186.49,2.35,80795.0,False,1,G1/3
NEWTG,"NewtekOne, Inc. 8.50% Fixed Rate Senior Notes due 2029",2025-08-01,2026-08-20,100.0,2026-05-15,25.7,25.64,0.23,25.28,1.42,1.66,14.29,2.19,78108.0,False,1,G1/3
WHFCL,"WhiteHorse Finance, Inc. 7.875% Notes due 2028",2025-08-01,2026-08-20,100.0,2026-05-01,25.63,25.3499,1.09,25.3499,0.0,1.1,100.0,0.59,76286.0,False,1,G1/3
CTW,CTW Class A Ordinary Shares,2025-08-08,2026-08-20,98.2,2026-05-15,2.92,2.61,10.62,1.765,47.88,65.44,26.84,7.35,72431.0,False,1,G1/3
XPL,Solitario Resources Corp.,2025-08-01,2026-08-20,100.0,2026-05-15,0.892,0.791,11.32,0.7221,9.54,23.53,59.45,30.24,67747.0,False,1,G1/3
GECCH,Great Elm Capital Corp. 8.125% Notes Due 2029,2025-08-06,2026-08-20,98.2,2026-04-24,25.9,25.11,3.05,25.25,-0.55,2.57,121.54,2.49,51458.0,False,1,G1/3
PFXNZ,PhenixFIN Corporation 5.25% Notes due 2028,2025-08-07,2026-08-19,98.2,2026-05-01,24.18,23.97,0.87,23.7443,0.95,1.83,48.2,3.05,40446.0,False,1,G1/3
SIMA,SIM Acquisition Corp. I Class A Ordinary Shares,2025-08-01,2026-08-20,100.0,2026-05-15,11.2,10.98,1.96,10.61,3.49,5.56,37.29,7.33,20625.0,False,1,G1/3
ALF,Centurion Acquisition Corp. Class A Ordinary Shares,2025-08-01,2026-08-19,98.2,2026-05-22,10.89,10.84,0.46,10.675,1.55,2.01,23.26,3.62,11365.0,False,1,G1/3
AVGO,Broadcom Inc. Common Stock,2025-08-01,2026-08-20,100.0,2026-05-29,446.77,364.03,18.52,344.97,5.53,29.51,81.28,54.78,7768879528.0,True,2,G2/3
IREN,IREN Limited Ordinary Shares,2025-08-01,2026-08-20,100.0,2026-05-29,63.54,42.6,32.96,53.74,-20.73,18.24,213.67,312.6,1852205740.0,True,2,G2/3
QCOM,Qualcomm Inc,2025-08-01,2026-08-20,100.0,2026-05-29,251.02,160.74,35.97,159.42,0.83,57.46,98.56,69.39,1813458237.0,True,2,G2/3
VRT,Vertiv Holdings Co Class A Common Stock,2025-08-01,2026-08-20,100.0,2026-05-15,370.94,264.63,28.66,176.93,49.57,109.65,54.8,161.98,1692203657.0,True,2,G2/3
AAOI,"Applied Optoelectronics, Inc.",2025-08-01,2026-08-20,100.0,2026-05-15,190.36,129.1,32.18,37.04,248.54,413.93,39.96,784.16,1621386868.0,True,2,G2/3
CLS,"Celestica, Inc.",2025-08-01,2026-08-20,100.0,2026-05-01,418.93,302.0,27.91,302.4,-0.13,38.54,100.34,115.12,1148925914.0,True,2,G2/3
MPWR,"Monolithic Power Systems, Inc.",2025-08-01,2026-08-20,100.0,2026-04-24,1632.06,1310.6,19.7,1033.17,26.85,57.97,53.68,107.74,1131486773.0,True,2,G2/3
NXPI,NXP Semiconductors N.V.,2025-08-01,2026-08-20,100.0,2026-05-29,321.35,222.97,30.61,232.475,-4.09,38.23,110.69,53.08,1069532919.0,True,2,G2/3
CIEN,Ciena Corporation,2025-08-01,2026-08-20,100.0,2026-05-22,583.74,392.48,32.76,243.42,61.24,139.81,56.2,558.63,881300942.0,True,2,G2/3
F,Ford Motor Company,2025-08-01,2026-08-20,100.0,2026-05-29,17.44,13.99,19.78,13.6,2.87,28.24,89.84,61.18,718389685.0,True,2,G2/3
FSLR,"First Solar, Inc.",2025-08-01,2026-08-20,100.0,2026-05-29,306.79,214.06,30.23,242.15,-11.6,26.69,143.46,66.76,607855028.0,True,2,G2/3
FDX,FedEx Corporation,2025-08-01,2026-08-20,100.0,2026-05-29,411.75,326.04,20.82,308.18,5.8,33.61,82.76,89.66,484033192.0,True,2,G2/3
MTZ,"MasTec, Inc.",2025-08-01,2026-08-20,100.0,2026-05-01,417.41,271.86,34.87,240.48,13.05,73.57,82.26,139.82,470864706.0,True,2,G2/3
HUT,Hut 8 Corp. Common Stock,2025-08-01,2026-08-20,100.0,2026-05-29,124.83,88.65,28.98,58.22,52.27,114.41,54.32,531.09,456487517.0,True,2,G2/3
AKAM,Akamai Technologies Inc,2025-08-01,2026-08-20,100.0,2026-05-15,150.88,110.09,27.03,93.49,17.76,61.39,71.08,102.85,416899513.0,True,2,G2/3
SITM,SiTime Corporation Common Stock,2025-08-01,2026-08-20,100.0,2026-05-08,833.08,598.81,28.12,363.11,64.91,129.43,49.85,331.45,319503438.0,True,2,G2/3
CBOE,"Cboe Global Markets, Inc.",2025-08-01,2026-08-20,100.0,2026-05-15,363.02,294.11,18.98,265.06,10.96,36.96,70.35,46.5,292924907.0,True,2,G2/3
DOW,Dow Inc.,2025-08-01,2026-08-20,100.0,2026-04-02,41.4,32.9,20.53,27.55,19.42,50.27,61.37,90.0,280526140.0,True,2,G2/3
ALB,Albemarle Corporation,2025-08-01,2026-08-20,100.0,2026-05-08,203.52,134.19,34.07,163.04,-17.7,24.83,171.27,199.73,280391191.0,True,2,G2/3
AA,Alcoa Corporation,2025-08-01,2026-08-20,100.0,2026-05-29,77.64,50.55,34.89,60.07,-15.85,29.25,154.18,173.38,251504021.0,True,2,G2/3
CAVA,"CAVA Group, Inc.",2025-08-01,2026-08-20,100.0,2026-04-24,95.68,72.03,24.72,66.32,8.61,44.27,80.55,13.5,249673149.0,True,2,G2/3
MXL,"MaxLinear, Inc. Common Stock",2025-08-01,2026-08-20,100.0,2026-05-08,99.83,65.28,34.61,18.51,252.67,439.33,42.49,556.34,229244969.0,True,2,G2/3
AEIS,Advanced Energy Industries Inc,2025-08-01,2026-08-20,100.0,2026-05-01,389.05,292.62,24.79,253.86,15.27,53.25,71.33,187.65,217470792.0,True,2,G2/3
VIAV,Viavi Solutions Inc. Common Stock,2025-08-01,2026-08-20,100.0,2026-05-01,55.33,38.56,30.31,18.6,107.31,197.47,45.66,466.91,213785084.0,True,2,G2/3
AUR,"Aurora Innovation, Inc. Class A Common Stock",2025-08-01,2026-08-20,100.0,2026-05-15,7.71,6.12,20.62,4.58,33.62,68.34,50.8,36.46,189684158.0,True,2,G2/3
WSO,"Watsco, Inc.",2025-08-01,2026-08-20,100.0,2026-04-24,440.64,314.45,28.64,381.56,-17.59,15.48,213.59,1.33,180632290.0,True,2,G2/3
DY,"Dycom Industries, Inc.",2025-08-01,2026-08-20,100.0,2026-05-29,510.0,400.23,21.52,364.39,9.84,39.96,75.39,93.7,171665579.0,True,2,G2/3
FSLY,"Fastly, Inc. Class A Common Stock",2025-08-01,2026-08-20,100.0,2026-04-02,33.5,22.71,32.21,9.29,144.46,260.6,44.57,426.73,169513803.0,True,2,G2/3
SANM,Sanmina  Corp,2025-08-01,2026-08-20,100.0,2026-05-29,259.73,190.72,26.57,159.29,19.73,63.05,68.71,134.08,163178141.0,True,2,G2/3
NYT,New York Times Co.,2025-08-01,2026-08-20,100.0,2026-04-02,85.69,65.3,23.8,71.49,-8.66,19.86,143.59,63.87,160610919.0,True,2,G2/3
BWXT,"BWX Technologies, Inc.",2025-08-01,2026-08-20,100.0,2026-04-17,235.78,156.44,33.65,205.43,-23.85,14.77,261.42,57.71,153938168.0,True,2,G2/3
POWL,Powell Industries Inc,2025-08-01,2026-08-20,100.0,2026-05-08,309.39,197.4,36.2,139.3167,41.69,122.08,65.85,307.7,153332607.0,True,2,G2/3
FORM,FormFactor Inc.,2025-08-01,2026-08-20,100.0,2026-04-24,155.08,115.71,25.39,70.49,64.15,120.0,46.54,436.05,152057888.0,True,2,G2/3
GME,GameStop Corp. Class A,2025-08-01,2026-08-20,100.0,2026-05-01,26.53,18.04,32.0,21.23,-15.03,24.96,160.19,20.05,135272345.0,True,2,G2/3
LOGI,Logitech International SA,2025-08-01,2026-08-20,100.0,2026-05-29,121.87,95.34,21.77,95.1,0.25,28.15,99.1,35.91,121948374.0,True,2,G2/3
CENX,Century Aluminum Co,2025-08-01,2026-08-20,100.0,2026-04-10,66.96,43.4,35.19,45.69,-5.01,46.55,110.77,227.11,104821855.0,True,2,G2/3
ALM,Almonty Industries Inc. Common Shares,2025-08-01,2026-08-20,100.0,2026-04-17,23.42,17.69,24.47,8.8,101.02,166.14,39.19,522.87,103642454.0,True,2,G2/3
CRUS,Cirrus Logic Inc,2025-08-01,2026-08-20,100.0,2026-04-24,174.17,116.9,32.88,123.21,-5.12,41.36,112.38,70.62,103247575.0,True,2,G2/3
ENS,"EnerSys, Inc.",2025-08-01,2026-08-20,100.0,2026-05-15,236.98,189.97,19.84,168.15,12.98,40.93,68.3,165.67,101190008.0,True,2,G2/3
WLK,Westlake Corporation,2025-08-01,2026-08-20,100.0,2026-04-02,119.4,78.85,33.96,83.2,-5.23,43.51,112.02,58.29,92566420.0,True,2,G2/3
YOU,"Clear Secure, Inc.",2025-08-01,2026-08-20,100.0,2026-05-22,60.06,42.9,28.57,34.92,22.85,71.99,68.26,108.25,90729810.0,True,2,G2/3
JBS,JBS N.V.,2025-08-01,2026-08-20,100.0,2026-04-10,18.32,13.55,26.04,14.67,-7.63,24.88,130.68,33.43,89697130.0,True,2,G2/3
CE,Celanese Corporation Common Stock,2025-08-01,2026-08-20,100.0,2026-05-01,69.24,46.98,32.15,45.57,3.09,51.94,94.04,42.62,88110801.0,True,2,G2/3
ROAD,"Construction Partners, Inc. Class A Common Stock",2025-08-01,2026-08-20,100.0,2026-05-08,140.48,113.19,19.43,112.16,0.92,25.25,96.36,47.94,86986641.0,True,2,G2/3
CELC,Celcuity Inc. Common Stock,2025-08-01,2026-08-20,100.0,2026-05-22,138.23,90.57,34.48,107.51,-15.76,28.57,155.14,246.35,85540997.0,True,2,G2/3
CAMT,Camtek Ltd,2025-08-01,2026-08-20,100.0,2026-05-08,205.54,148.51,27.75,143.63,3.4,43.1,92.12,115.23,84398982.0,True,2,G2/3
ULS,UL Solutions Inc.,2025-08-01,2026-08-20,100.0,2026-05-22,102.85,75.26,26.83,75.0,0.35,37.13,99.07,43.05,84215831.0,True,2,G2/3
ECG,"Everus Construction Group, Inc.",2025-08-01,2026-08-20,100.0,2026-05-08,163.24,125.32,23.23,89.18,40.52,83.05,51.2,132.64,80897827.0,True,2,G2/3
PVH,PVH Corp.,2025-08-01,2026-08-20,100.0,2026-04-17,94.17,76.09,19.2,64.63,17.73,45.71,61.21,31.96,74506019.0,True,2,G2/3
SEB,Seaboard Corporation,2025-08-01,2026-08-20,100.0,2026-04-02,5906.78,4356.35,26.25,4695.52,-7.22,25.8,128.0,86.42,68905181.0,True,2,G2/3
SYNA,Synaptics Inc,2025-08-01,2026-08-20,100.0,2026-05-22,143.69,98.0,31.8,82.51,18.77,74.15,74.68,137.62,66112301.0,True,2,G2/3
WMG,Warner Music Group Corp. Class A Common Stock,2025-08-01,2026-08-20,100.0,2026-05-22,34.72,27.1,21.95,30.44,-10.97,14.06,178.04,21.27,64976619.0,True,2,G2/3
AUGO,Aura Minerals Inc. Common Shares,2025-08-01,2026-08-20,100.0,2026-04-17,109.14,86.69,20.57,60.22,43.96,81.24,45.89,348.77,64039060.0,True,2,G2/3
VOYG,"Voyager Technologies, Inc.",2025-08-01,2026-08-20,100.0,2026-05-29,49.53,37.92,23.44,31.33,21.03,58.09,63.79,26.38,63782574.0,True,2,G2/3
KNF,Knife River Corporation,2025-08-01,2026-08-20,100.0,2026-05-01,92.98,65.96,29.06,73.46,-10.21,26.57,138.42,11.53,58297093.0,True,2,G2/3
MIAX,"Miami International Holdings, Inc.",2025-08-15,2026-08-20,96.4,2026-05-15,56.16,41.32,26.42,42.44,-2.64,32.33,108.16,80.46,57746916.0,True,2,G2/3
ERAS,"Erasca, Inc. Common Stock",2025-08-01,2026-08-20,100.0,2026-04-24,21.49,17.08,20.52,9.62,77.55,123.39,37.15,1446.04,57007838.0,True,2,G2/3
NN,NextNav Inc. Common Stock,2025-08-01,2026-08-20,100.0,2026-04-17,22.83,17.33,24.09,15.7,10.38,45.41,77.14,54.15,49732526.0,True,2,G2/3
NKTR,Nektar Therapeutics,2025-08-01,2026-08-20,100.0,2026-04-24,91.68,74.53,18.71,37.68,97.8,143.31,31.76,299.3,47368686.0,True,2,G2/3
AESI,Atlas Energy Solutions Inc.,2025-08-01,2026-08-20,100.0,2026-05-22,19.07,12.99,31.88,11.05,17.56,72.58,75.81,52.44,45341180.0,True,2,G2/3
PUMP,ProPetro Holding Corp.,2025-08-01,2026-08-20,100.0,2026-05-15,17.45,11.33,35.07,10.29,10.11,69.58,85.47,244.18,45142634.0,True,2,G2/3
SAM,Boston Beer Company,2025-08-01,2026-08-20,100.0,2026-04-10,257.21,190.82,25.81,207.82,-8.18,23.77,134.42,22.77,43584002.0,True,2,G2/3
DAN,Dana Incorporated,2025-08-01,2026-08-20,100.0,2026-04-24,38.93,30.75,21.01,27.53,11.7,41.41,71.75,148.91,42974173.0,True,2,G2/3
AEVA,"Aeva Technologies, Inc.",2025-08-01,2026-08-20,100.0,2026-05-29,28.18,18.87,33.04,15.79,19.51,78.47,75.14,77.85,41865412.0,True,2,G2/3
CWEN,"Clearway Energy, Inc. Class C Common Stock",2025-08-01,2026-08-20,100.0,2026-05-29,41.16,32.64,20.7,35.87,-9.0,14.75,161.06,27.04,38995057.0,True,2,G2/3
LMAT,"LeMaitre Vascular, Inc.",2025-08-01,2026-08-20,100.0,2026-04-10,114.62,82.32,28.18,84.97,-3.12,34.89,108.94,41.44,38595716.0,True,2,G2/3
OSIS,OSI Systems Inc,2025-08-01,2026-08-20,100.0,2026-04-17,309.68,218.09,29.58,274.99,-20.69,12.62,264.02,41.04,36894693.0,True,2,G2/3
SFD,"Smithfield Foods, Inc. Common Stock",2025-08-01,2026-08-20,100.0,2026-04-24,29.35,22.28,24.09,22.75,-2.07,29.01,107.12,20.68,36767627.0,True,2,G2/3
LPTH,Lightpath Technologies Inc,2025-08-01,2026-08-20,100.0,2026-05-29,16.98,13.02,23.32,12.34,5.51,37.6,85.34,473.65,33423409.0,True,2,G2/3
ADEA,Adeia Inc. Common Stock,2025-08-01,2026-08-20,100.0,2026-05-01,33.0,26.96,18.3,18.54,45.42,77.99,41.77,167.42,31590758.0,True,2,G2/3
NVAX,Novavax Inc,2025-08-01,2026-08-20,100.0,2026-05-29,10.97,8.42,23.25,8.01,5.12,36.95,86.15,67.23,29230025.0,True,2,G2/3
SNDX,"Syndax Pharmaceuticals, Inc.",2025-08-01,2026-08-20,100.0,2026-04-02,25.15,19.75,21.47,20.52,-3.75,22.56,116.63,152.0,26932975.0,True,2,G2/3
STAA,Staar Surgical Co,2025-08-01,2026-08-20,100.0,2026-05-22,32.47,23.07,28.95,20.97,10.01,54.84,81.74,82.83,25335852.0,True,2,G2/3
BORR,Borr Drilling Limited,2025-08-01,2026-08-20,100.0,2026-05-15,6.26,4.43,29.23,4.26,3.99,46.95,91.5,232.98,24480475.0,False,2,G2/3
ANAB,"AnaptysBio, Inc. Common Stock",2025-08-01,2026-08-20,100.0,2026-04-10,70.1,56.69,19.13,45.68,24.1,53.46,54.91,183.92,22960370.0,True,2,G2/3
HLIT,Harmonic Inc,2025-08-01,2026-08-20,100.0,2026-05-22,15.2,12.37,18.62,10.02,23.45,51.7,54.63,82.04,21814360.0,True,2,G2/3
AAUC,Allied Gold Corporation,2025-08-01,2026-08-20,100.0,2026-04-24,31.92,22.92,28.2,27.62,-17.02,15.57,209.3,144.79,21056113.0,True,2,G2/3
INBX,"Inhibrx Biosciences, Inc. Common Stock",2025-08-01,2026-08-20,100.0,2026-05-08,134.35,99.15,26.2,74.66,32.8,79.95,58.97,521.99,21030072.0,True,2,G2/3
NRGV,"Energy Vault Holdings, Inc.",2025-08-01,2026-08-20,100.0,2026-05-15,5.93,3.74,36.93,5.29,-29.3,12.1,342.19,464.76,18834435.0,False,2,G2/3
TYRA,"Tyra Biosciences, Inc. Common Stock",2025-08-01,2026-08-20,100.0,2026-04-02,39.61,25.69,35.14,29.31,-12.35,35.14,135.15,281.97,18138877.0,False,2,G2/3
EFXT,Enerflex Ltd.,2025-08-01,2026-08-20,100.0,2026-05-15,27.87,20.09,27.92,16.21,23.94,71.93,66.72,257.77,17919495.0,False,2,G2/3
ENLT,Enlight Renewable Energy Ltd. Ordinary Shares,2025-08-01,2026-08-20,100.0,2026-05-29,107.42,79.59,25.91,51.77,53.74,107.49,50.01,338.81,17322798.0,False,2,G2/3
PNRG,PrimeEnergy Resources Corporation Common Stock,2025-08-01,2026-08-20,100.0,2026-05-15,268.16,213.97,20.21,175.73,21.76,52.6,58.63,70.03,16469562.0,False,2,G2/3
MATW,Matthews International Corp,2025-08-01,2026-08-20,100.0,2026-05-01,28.61,21.66,24.29,26.49,-18.23,8.0,327.83,24.18,16039928.0,False,2,G2/3
APEI,"American Public Education, Inc.",2025-08-01,2026-08-20,100.0,2026-04-17,60.6,44.385,26.76,40.31,10.11,50.33,79.92,106.33,15831645.0,False,2,G2/3
CMP,"Compass Minerals International, Inc.",2025-08-01,2026-08-20,100.0,2026-05-29,31.92,24.62,22.87,23.29,5.71,37.05,84.59,61.38,14100061.0,False,2,G2/3
ECVT,Ecovyst Inc.,2025-08-01,2026-08-20,100.0,2026-05-15,14.56,10.32,29.12,10.61,-2.73,37.23,107.34,72.51,14062918.0,False,2,G2/3
ASTE,Astec Industries Inc,2025-08-01,2026-08-20,100.0,2026-05-01,64.16,41.87,34.74,48.29,-13.29,32.86,140.45,69.24,13715431.0,False,2,G2/3
DUOT,"Duos Technologies Group, Inc. Common Stock",2025-08-01,2026-08-20,100.0,2026-05-29,13.5,10.41,22.89,10.75,-3.16,25.58,112.36,105.48,13167847.0,False,2,G2/3
DLX,Deluxe Corporation,2025-08-01,2026-08-20,100.0,2026-05-01,31.9,23.9,25.08,24.23,-1.36,31.65,104.3,104.62,11049311.0,False,2,G2/3
NSSC,"Napco Security Technologies, Inc",2025-08-01,2026-08-20,100.0,2026-05-01,46.72,37.77,19.16,38.6,-2.15,21.04,110.22,54.55,9726209.0,False,2,G2/3
AGRO,ADECOAGRO S.A.,2025-08-01,2026-08-20,100.0,2026-04-02,15.22,10.94,28.12,8.35,31.02,82.28,62.3,72.76,8761988.0,False,2,G2/3
KODK,EASTMAN KODAK COMPANY,2025-08-01,2026-08-20,100.0,2026-05-01,14.08,9.69,31.18,7.32,32.38,92.35,64.94,118.29,8546714.0,False,2,G2/3
MCHPP,Microchip Technology Incorporated Depositary Shares Each Representing a 1/20th Interest in a Share of 7.50% Series A Mandatory Convertible Preferred Stock,2025-08-01,2026-08-20,100.0,2026-05-08,83.74,65.47,21.82,66.84,-2.05,25.28,108.11,35.44,8439164.0,False,2,G2/3
RES,"RPC, Inc.",2025-08-01,2026-08-20,100.0,2026-04-24,8.0,6.36,20.5,6.13,3.75,30.51,87.7,78.97,8417809.0,False,2,G2/3
CSR,Centerspace,2025-08-01,2026-08-20,100.0,2026-05-01,68.38,54.16,20.8,64.69,-16.28,5.7,385.37,26.16,7810339.0,False,2,G2/3
CSV,"Carriage Services, Inc.",2025-08-01,2026-08-20,100.0,2026-04-24,51.25,34.53,32.62,42.95,-19.6,19.32,201.45,13.33,7732342.0,False,2,G2/3
IDR,"Idaho Strategic Resources, Inc.",2025-08-01,2026-08-20,100.0,2026-05-08,49.09,31.12,36.61,44.36,-29.85,10.66,379.92,184.91,7377146.0,False,2,G2/3
BRSP,"BrightSpire Capital, Inc.",2025-08-01,2026-08-20,100.0,2026-04-24,6.06,4.86,19.8,5.91,-17.77,2.54,800.0,17.44,7156016.0,False,2,G2/3
NAK,"Northern Dynasty Minerals, Ltd.",2025-08-01,2026-08-20,100.0,2026-05-29,2.35,1.66,29.36,2.04,-18.63,15.2,222.58,213.33,6492041.0,False,2,G2/3
ASTL,Algoma Steel Group Inc. Common Shares,2025-08-01,2026-08-20,100.0,2026-05-29,5.62,4.56,18.86,4.25,7.29,32.24,77.37,9.34,6361500.0,False,2,G2/3
SRZN,"Surrozen, Inc. Common",2025-08-01,2026-08-20,100.0,2026-05-01,33.6,23.5,30.06,20.0,17.5,68.0,74.26,205.45,6270628.0,False,2,G2/3
KYTX,"Kyverna Therapeutics, Inc. Common Stock",2025-08-01,2026-08-20,100.0,2026-04-17,9.93,8.13,18.13,8.36,-2.75,18.78,114.65,188.66,6161696.0,False,2,G2/3
CYD,China Yuchai International Ltd.,2025-08-01,2026-08-20,100.0,2026-05-22,57.35,38.71,32.5,42.91,-9.79,33.65,129.09,156.6,5457990.0,False,2,G2/3
ASIX,AdvanSix Inc.,2025-08-01,2026-08-20,100.0,2026-05-01,25.37,17.33,31.69,17.07,1.52,48.62,96.87,32.2,5253792.0,False,2,G2/3
IMTX,Immatics N.V. Ordinary Shares,2025-08-01,2026-08-20,100.0,2026-05-22,11.62,8.55,26.42,9.83,-13.02,18.21,171.51,79.32,4610824.0,False,2,G2/3
REI,Ring Energy Inc.,2025-08-01,2026-08-20,100.0,2026-05-01,1.82,1.49,18.13,0.97,53.61,87.63,38.82,149.9,4533685.0,False,2,G2/3
RILY,"BRC Group Holdings, Inc. Common Stock",2025-08-01,2026-08-20,100.0,2026-05-22,10.68,6.93,35.11,8.36,-17.11,27.75,161.64,109.41,4340084.0,False,2,G2/3
NRXP,"NRX Pharmaceuticals, Inc. Common Stock",2025-08-01,2026-08-20,100.0,2026-05-29,4.42,3.51,20.59,2.22,58.11,99.1,41.36,70.66,4329984.0,False,2,G2/3
HY,"Hyster-Yale, Inc.",2025-08-01,2026-08-20,100.0,2026-04-24,40.24,32.93,18.17,33.45,-1.55,20.3,107.66,0.02,4228839.0,False,2,G2/3
CGNT,Cognyte Software Ltd. Ordinary Shares,2025-08-01,2026-08-20,100.0,2026-05-29,11.57,8.62,25.5,9.03,-4.54,28.13,116.14,28.13,4137633.0,False,2,G2/3
LTRX,Lantronix Inc,2025-08-01,2026-08-20,100.0,2026-05-29,7.55,6.07,19.6,6.31,-3.8,19.65,119.35,156.8,4073030.0,False,2,G2/3
UNCY,"Unicycive Therapeutics, Inc. Common Stock",2025-08-01,2026-08-20,100.0,2026-05-15,8.26,5.45,34.02,6.18,-11.81,33.66,135.1,96.67,4068818.0,False,2,G2/3
CBIO,"Crescent Biopharma, Inc. Common Stock",2025-08-01,2026-08-20,100.0,2026-04-24,24.8,16.23,34.56,11.08,46.48,123.83,62.46,106.67,3519114.0,False,2,G2/3
EGHT,"8x8, Inc. Common Stock",2025-08-01,2026-08-20,100.0,2026-05-08,2.74,2.02,26.28,1.68,20.24,63.1,67.92,46.52,3489784.0,False,2,G2/3
NPCE,"Neuropace, Inc. Common Stock",2025-08-01,2026-08-20,100.0,2026-05-08,18.35,14.02,23.6,16.71,-16.1,9.81,264.02,104.12,3329021.0,False,2,G2/3
VTVT,vTv Therapeutics Inc. Class A Common Stock,2025-08-01,2026-08-20,100.0,2026-04-02,41.17,33.08,19.65,35.575,-7.01,15.73,144.59,182.47,3261518.0,False,2,G2/3
IRD,"Opus Genetics, Inc. Common Stock",2025-08-01,2026-08-20,100.0,2026-04-17,5.75,4.12,28.35,2.12,94.34,171.23,44.9,437.38,2990776.0,False,2,G2/3
TRC,Tejon Ranch Co.,2025-08-01,2026-08-20,100.0,2026-05-08,20.16,16.46,18.35,16.09,2.3,25.3,90.91,12.75,2821980.0,False,2,G2/3
CXDO,CREXENDO INC,2025-08-01,2026-08-20,100.0,2026-05-15,9.89,6.29,36.4,7.0,-10.14,41.29,124.57,86.6,2699616.0,False,2,G2/3
BKTI,BK Technologies Corporation,2025-08-01,2026-08-20,100.0,2026-04-17,95.98,78.03,18.7,78.12,-0.12,22.86,100.5,155.13,2658942.0,False,2,G2/3
MGRT,Mega Fortune Company Limited Ordinary Shares,2025-08-01,2026-08-20,100.0,2026-05-08,138.0,98.81,28.4,6.1,1519.84,2162.3,29.71,4133.13,2408385.0,False,2,G2/3
GLRE,"Greenlight Captial RE, LTD. Class A",2025-08-01,2026-08-20,100.0,2026-04-24,19.0,15.38,19.05,13.87,10.89,36.99,70.57,48.9,2315089.0,False,2,G2/3
RDCM,Radcom Ltd.,2025-08-01,2026-08-20,100.0,2026-05-08,16.14,10.19,36.86,12.845,-20.67,25.65,180.58,23.3,2251933.0,False,2,G2/3
SSP,The E.W. Scripps Company,2025-08-01,2026-08-20,100.0,2026-05-01,4.97,3.29,33.8,3.6,-8.61,38.06,122.63,71.38,2032095.0,False,2,G2/3
IFRX,InflaRx N.V. Common Stock,2025-08-01,2026-08-20,100.0,2026-05-22,2.61,2.02,22.61,1.01,100.0,158.42,36.88,203.49,1732673.0,False,2,G2/3
KVHI,KVH Industries Inc,2025-08-01,2026-08-20,100.0,2026-05-22,11.69,7.89,32.51,7.07,11.6,65.35,82.25,122.67,1553476.0,False,2,G2/3
TG,Tredegar Corporation,2025-08-01,2026-08-20,100.0,2026-05-08,10.35,7.86,24.06,8.3,-5.3,24.7,121.46,23.21,1420669.0,False,2,G2/3
KEN,KENON HOLDINGS LTD.,2025-08-01,2026-08-20,100.0,2026-05-01,93.04,65.2,29.92,69.49,-6.17,33.89,118.22,98.89,1396788.0,False,2,G2/3
NKTX,"Nkarta, Inc. Common Stock",2025-08-01,2026-08-20,100.0,2026-04-17,3.47,2.47,28.82,2.09,18.18,66.03,72.46,63.68,1357867.0,False,2,G2/3
VFS,VinFast Auto Ltd. Ordinary Shares,2025-08-01,2026-08-20,100.0,2026-04-02,4.54,3.12,31.28,3.38,-7.69,34.32,122.41,33.92,1174258.0,False,2,G2/3
IPSC,"Century Therapeutics, Inc. Common Stock",2025-08-01,2026-08-20,100.0,2026-04-17,2.6,2.02,22.31,1.94,4.12,34.02,87.88,388.81,1155548.0,False,2,G2/3
IPWR,Ideal Power Inc.,2025-08-01,2026-08-20,100.0,2026-05-29,7.44,4.79,35.62,3.78,26.72,96.83,72.4,71.43,987669.0,False,2,G2/3
AP,Ampco-Pittsburgh Corp.,2025-08-01,2026-08-20,100.0,2026-05-08,12.2,8.44,30.82,5.57,51.53,119.03,56.71,293.55,969604.0,False,2,G2/3
PIII,P3 Health Partners Inc. Common Stock,2025-08-01,2026-08-20,100.0,2026-05-22,13.2,10.34,21.67,3.2,223.12,312.5,28.6,79.59,808809.0,False,2,G2/3
NRXS,"Neuraxis, Inc.",2025-08-01,2026-08-20,100.0,2026-05-08,8.2,6.27,23.54,4.57,37.2,79.43,53.17,228.0,661550.0,False,2,G2/3
OKUR,"OnKure Therapeutics, Inc. Class A Common Stock",2025-08-01,2026-08-20,100.0,2026-04-17,5.0,3.93,21.4,2.96,32.77,68.92,52.45,127.27,552324.0,False,2,G2/3
RDNW,"RideNow Group, Inc. Class B Common Stock",2025-08-15,2026-08-20,96.4,2026-05-29,8.07,5.97,26.02,5.92,0.84,36.32,97.67,172.64,489200.0,False,2,G2/3
AIRG,"Airgain, Inc. Common Stock",2025-08-01,2026-08-20,100.0,2026-05-01,7.19,5.33,25.87,4.22,26.3,70.38,62.63,63.04,397805.0,False,2,G2/3
LEE,"Lee Enterprises, Inc.",2025-08-01,2026-08-20,100.0,2026-05-29,10.91,8.44,22.64,5.09,65.82,114.34,42.44,135.13,383455.0,False,2,G2/3
GRO,Brazil Potash Corp.,2025-08-01,2026-08-20,100.0,2026-04-02,3.67,2.49,32.15,2.52,-1.19,45.63,102.61,133.76,378957.0,False,2,G2/3
VRA,"Vera Bradley, Inc.",2025-08-01,2026-08-20,100.0,2026-05-08,4.14,3.04,26.57,2.58,17.83,60.47,70.51,113.4,371014.0,False,2,G2/3
SHIM,Shimmick Corporation Common Stock,2025-08-01,2026-08-20,100.0,2026-04-24,5.91,3.89,34.18,3.59,8.36,64.62,87.07,253.89,365997.0,False,2,G2/3
NCSM,"NCS Multistage Holdings, Inc.",2025-08-01,2026-08-20,100.0,2026-04-24,78.77,50.1,36.4,39.65,26.36,98.66,73.29,148.96,291537.0,False,2,G2/3
DIT,AMCON Distributing Co.,2025-08-01,2026-08-19,94.6,2026-04-17,95.59,67.0,29.91,72.4734,-7.55,31.9,123.68,31.52,250519.0,False,2,G2/3
MSGM,Motorsport Games Inc. Class A Common Stock,2025-08-01,2026-08-20,100.0,2026-05-08,4.9,3.8,22.45,3.32,14.46,47.59,69.62,63.88,247290.0,False,2,G2/3
APT,"Alpha Pro Tech, Ltd.",2025-08-01,2026-08-20,100.0,2026-05-08,6.44,5.21,19.1,4.73,10.15,36.15,71.93,33.33,216662.0,False,2,G2/3
WILC,G Willi-Food International Ltd,2025-08-01,2026-08-20,100.0,2026-05-29,36.9,28.89,21.71,29.13,-0.82,26.67,103.09,74.39,195943.0,False,2,G2/3
MYSE,"Myseum.AI, Inc. Common Stock",2025-08-15,2026-08-20,96.4,2026-04-17,3.81,2.73,28.35,1.88,45.21,102.66,55.96,104.29,184871.0,False,2,G2/3
DAIO,Data I/O Corp,2025-08-01,2026-08-20,100.0,2026-05-29,4.23,2.97,29.79,3.22,-7.76,31.37,124.75,33.86,152512.0,False,2,G2/3
TORO,Toro Corp. Common Stock,2025-08-01,2026-08-20,100.0,2026-05-01,7.68,6.0,21.88,5.38,11.52,42.75,73.04,162.12,146387.0,False,2,G2/3
CYCN,"Cyclerion Therapeutics, Inc. Common Stock",2025-08-01,2026-08-20,100.0,2026-04-02,6.15,4.07,33.82,1.36,199.26,352.21,43.42,137.12,108445.0,False,2,G2/3
RILYL,"BRC Group Holdings, Inc. Depositary Shares each representing 1/1000th in a share of 7.375% Series B Cumulative Perpetual Preferred Stock, par value $0.0001",2025-08-01,2026-08-20,100.0,2026-05-22,17.47,13.22,24.33,10.72,23.32,62.97,62.96,161.14,107717.0,False,2,G2/3
SMSI,Smith Micro Software Inc,2025-08-01,2026-08-20,100.0,2026-05-01,4.35,2.97,31.72,2.9005,2.4,49.97,95.21,24.46,91018.0,False,2,G2/3
DLHC,DLH Holdings Corp.,2025-08-01,2026-08-20,100.0,2026-04-17,6.36,4.53,28.77,5.78,-21.63,10.03,315.52,15.22,84803.0,False,2,G2/3
JL,J-Long Group Limited Class A Ordinary Shares,2025-08-01,2026-08-20,100.0,2026-04-02,7.04,4.7,33.24,5.24,-10.31,34.35,130.0,15.98,76111.0,False,2,G2/3
GIFT,"Giftify, Inc. Common Stock",2025-08-01,2026-08-20,100.0,2026-04-17,1.24,0.8552,31.03,1.08,-20.81,14.81,240.5,16.98,75654.0,False,2,G2/3
WFCF,"Where Food Comes From, Inc. Common Stock",2025-08-01,2026-08-20,100.0,2026-05-08,16.75,13.31,20.54,11.346,17.31,47.63,63.66,48.89,64203.0,False,2,G2/3
PFAI,Pinnacle Food Group Limited Class A Common Shares,2025-08-01,2026-08-19,100.0,2026-05-08,4.0499,3.0,25.92,2.17,38.25,86.63,55.85,124.99,46352.0,False,2,G2/3
RKLB,Rocket Lab Corporation Common Stock,2025-08-01,2026-08-20,100.0,2026-05-29,143.48,72.95,49.16,84.85,-14.02,69.1,120.3,220.2,1409104269.0,True,3,G3/3
AXTI,AXT Inc,2025-08-01,2026-08-20,100.0,2026-05-22,140.83,73.12,48.08,18.54,294.39,659.6,55.37,7234.9,937787614.0,True,3,G3/3
APLD,Applied Digital Corporation Common Stock,2025-08-01,2026-08-20,100.0,2026-05-29,47.28,28.65,39.4,37.4,-23.4,26.42,188.56,277.64,554332725.0,True,3,G3/3
FN,Fabrinet,2025-08-01,2026-08-20,100.0,2026-05-15,722.04,444.87,38.39,479.42,-7.21,50.61,114.24,129.07,498755493.0,True,3,G3/3
NXT,Nextpower Inc. Class A Common Stock,2025-08-01,2026-08-20,100.0,2026-05-29,156.4,87.86,43.82,96.36,-8.82,62.31,114.16,176.47,271808447.0,True,3,G3/3
RMBS,Rambus Inc,2025-08-01,2026-08-20,100.0,2026-04-24,158.4,92.15,41.82,107.99,-14.67,46.68,131.42,118.75,241160962.0,True,3,G3/3
RDW,Redwire Corporation,2025-08-01,2026-08-20,100.0,2026-05-29,24.57,11.77,52.1,11.71,0.51,109.82,99.53,77.14,205007383.0,True,3,G3/3
VICR,Vicor Corp,2025-08-01,2026-08-20,100.0,2026-05-29,334.84,207.64,37.99,149.88,38.54,123.41,68.77,663.69,190793034.0,True,3,G3/3
TE,T1 Energy Inc.,2025-08-01,2026-08-20,100.0,2026-05-29,10.56,4.36,58.71,8.17,-46.63,29.25,259.41,810.34,186516989.0,False,3,G3/3
NVTS,Navitas Semiconductor Corporation Common Stock,2025-08-01,2026-08-20,100.0,2026-05-22,29.25,12.97,55.66,10.07,28.8,190.47,84.88,267.46,185024969.0,True,3,G3/3
ENPH,"Enphase Energy, Inc.",2025-08-01,2026-08-20,100.0,2026-05-29,68.36,38.36,43.89,35.22,8.92,94.09,90.53,117.5,178785177.0,True,3,G3/3
LUNR,"Intuitive Machines, Inc. Class A Common Stock",2025-08-01,2026-08-20,100.0,2026-05-29,43.83,17.93,59.09,18.99,-5.58,130.81,104.27,313.1,178782270.0,True,3,G3/3
WOLF,"Wolfspeed, Inc.",2025-08-01,2026-08-20,100.0,2026-05-22,69.89,26.35,62.3,18.6,41.67,275.75,84.89,4498.03,137266708.0,True,3,G3/3
SEDG,"SolarEdge Technologies, Inc.",2025-08-01,2026-08-20,100.0,2026-05-29,76.35,30.9,59.53,32.89,-6.05,132.14,104.58,198.83,136774939.0,True,3,G3/3
PLUG,Plug Power Inc.,2025-08-01,2026-08-20,100.0,2026-05-29,3.95,2.2,44.3,2.23,-1.35,77.13,101.74,182.14,136046333.0,False,3,G3/3
PL,Planet Labs PBC,2025-08-01,2026-08-20,100.0,2026-05-29,51.14,22.17,56.65,24.97,-11.21,104.81,110.7,727.51,131801874.0,True,3,G3/3
HTZ,"Hertz Global Holdings, Inc Common Stock",2025-08-01,2026-08-20,100.0,2026-04-17,7.43,2.09,71.87,5.53,-62.21,34.36,281.05,24.04,118437002.0,False,3,G3/3
AAON,Aaon Inc,2025-08-01,2026-08-20,100.0,2026-05-29,140.2,80.84,42.34,91.06,-11.22,53.96,120.8,71.71,114093579.0,True,3,G3/3
PRIM,Primoris Services Corporation,2025-08-01,2026-08-20,100.0,2026-05-01,180.35,79.24,56.06,148.07,-46.48,21.8,313.23,97.88,104410792.0,True,3,G3/3
POET,POET Technologies Inc. Common Shares,2025-08-01,2026-08-20,100.0,2026-05-15,15.97,8.27,48.22,7.16,15.5,123.04,87.4,195.74,104198994.0,True,3,G3/3
LBRT,Liberty Energy Inc.,2025-08-01,2026-08-20,100.0,2026-05-08,33.11,19.24,41.89,20.19,-4.71,63.99,107.35,185.19,103081959.0,True,3,G3/3
INOD,Innodata Inc.,2025-08-01,2026-08-20,100.0,2026-05-29,104.98,62.79,40.19,59.52,5.49,76.38,92.81,133.52,99358823.0,True,3,G3/3
LUMN,"Lumen Technologies, Inc.",2025-08-01,2026-08-20,100.0,2026-05-29,10.99,6.01,45.31,8.45,-28.88,30.06,196.06,196.23,88195144.0,True,3,G3/3
LASR,"nLIGHT, Inc. Common Stock",2025-08-01,2026-08-20,100.0,2026-05-22,78.545,47.19,39.92,43.93,7.42,78.8,90.58,290.58,81134900.0,True,3,G3/3
CAPR,Capricor Therapeutics Inc,2025-08-01,2026-08-20,100.0,2026-04-24,35.27,6.835,80.62,23.84,-71.33,47.94,248.78,346.46,75691380.0,True,3,G3/3
AMPX,"Amprius Technologies, Inc.",2025-08-01,2026-08-20,100.0,2026-05-01,20.87,10.2,51.13,11.0,-7.27,89.73,108.11,228.14,68876239.0,True,3,G3/3
CAR,"Avis Budget Group, Inc.",2025-08-01,2026-08-20,100.0,2026-04-17,493.86,143.98,70.85,125.63,14.61,293.11,95.02,201.01,64727537.0,True,3,G3/3
UI,Ubiquiti Inc. Common Stock,2025-08-01,2026-08-20,100.0,2026-04-17,1084.5,573.87,47.08,551.42,4.07,96.67,95.79,153.89,59361444.0,True,3,G3/3
CTRI,"Centuri Holdings, Inc.",2025-08-01,2026-08-20,100.0,2026-05-01,39.25,21.78,44.51,27.6,-21.09,42.21,149.96,86.55,53701034.0,True,3,G3/3
BW,"Babcock & Wilcox Enterprises, Inc.",2025-08-01,2026-08-20,100.0,2026-05-15,21.85,8.43,61.42,8.42,0.12,159.5,99.93,2242.41,49506126.0,True,3,G3/3
CC,The Chemours Company,2025-08-01,2026-08-20,100.0,2026-05-01,27.73,15.69,43.42,14.99,4.67,84.99,94.51,141.13,47528350.0,True,3,G3/3
SHLS,"Shoals Technologies Group, Inc. Class A Common Stock",2025-08-01,2026-08-20,100.0,2026-05-29,12.45,7.375,40.76,9.22,-20.01,35.03,157.12,141.28,46297148.0,True,3,G3/3
SATL,Satellogic Inc. Class A Ordinary Shares,2025-08-01,2026-08-20,100.0,2026-05-22,10.61,5.3,50.05,3.56,48.88,198.03,75.32,225.46,29383206.0,True,3,G3/3
BKSY,BlackSky Technology Inc.,2025-08-01,2026-08-20,100.0,2026-05-29,48.47,26.73,44.85,25.52,4.74,89.93,94.73,157.0,27959532.0,True,3,G3/3
AHCO,AdaptHealth Corp. Common Stock,2025-08-01,2026-08-20,100.0,2026-05-01,13.17,5.39,59.07,10.09,-46.58,30.53,252.6,50.51,27473029.0,True,3,G3/3
PLAB,Photronics Inc,2025-08-01,2026-08-20,100.0,2026-05-08,53.64,30.52,43.1,34.53,-11.61,55.34,120.98,171.05,27055357.0,True,3,G3/3
SPCE,"Virgin Galactic Holdings, Inc.",2025-08-01,2026-08-20,100.0,2026-05-29,6.18,3.08,50.16,3.1,-0.65,99.35,100.65,67.93,27001336.0,False,3,G3/3
ARI,"APOLLO COMMERCIAL REAL ESTATE FINANCE, INC.",2025-08-01,2026-08-20,100.0,2026-04-17,11.16,6.94,37.81,9.97,-30.39,11.94,354.62,14.11,23963481.0,True,3,G3/3
MRAM,"Everspin Technologies, Inc",2025-08-01,2026-08-20,100.0,2026-05-15,37.57,16.97,54.83,12.99,30.64,189.22,83.81,525.12,22696147.0,True,3,G3/3
LWLG,"Lightwave Logic, Inc. Common Stock",2025-08-01,2026-08-20,100.0,2026-05-08,16.43,6.1,62.87,3.91,56.01,320.2,82.51,689.9,22266741.0,True,3,G3/3
ADTN,"ADTRAN Holdings, Inc. Common Stock",2025-08-01,2026-08-20,100.0,2026-05-01,18.45,7.86,57.4,9.22,-14.75,100.11,114.73,110.62,21798630.0,True,3,G3/3
SGML,Sigma Lithium Corporation Common Shares,2025-08-01,2026-08-20,100.0,2026-05-01,21.97,10.73,51.16,13.51,-20.58,62.62,132.86,332.48,19165886.0,False,3,G3/3
TROX,TRONOX LIMITED CL A ORDINARY SHARES,2025-08-01,2026-08-20,100.0,2026-05-01,10.33,5.61,45.69,5.72,-1.92,80.59,102.39,203.82,18119333.0,False,3,G3/3
ONFO,Onfolio Holdings Inc. Common Stock,2025-08-01,2026-08-20,100.0,2026-04-24,66.0,1.57,97.62,36.3,-95.67,81.82,216.94,20.0,17610008.0,False,3,G3/3
SKYQ,Sky Quarry Inc. Common Stock,2025-08-01,2026-08-20,100.0,2026-04-10,12.59,2.68,78.71,3.0408,-11.87,314.04,103.78,214.75,13987045.0,False,3,G3/3
DGXX,Digi Power X Inc. Subordinate Voting Shares,2025-08-01,2026-08-20,100.0,2026-05-22,7.94,3.92,50.63,2.85,37.54,178.6,78.98,184.59,13984408.0,False,3,G3/3
LAR,Lithium Argentina AG,2025-08-01,2026-08-20,100.0,2026-05-08,11.68,5.98,48.8,6.98,-14.33,67.34,121.28,345.8,13199114.0,False,3,G3/3
SIDU,"Sidus Space, Inc. Class A Common Stock",2025-08-01,2026-08-20,100.0,2026-04-17,5.35,2.34,56.26,4.01,-41.65,33.42,224.63,365.22,13162151.0,False,3,G3/3
BLDP,Ballard Power Systems Inc.,2025-08-01,2026-08-20,100.0,2026-05-29,6.29,2.37,62.32,2.68,-11.57,134.7,108.59,251.4,12884644.0,False,3,G3/3
INV,"Innventure, Inc. Common Stock",2025-08-01,2026-08-20,100.0,2026-05-08,7.0,1.5,78.57,3.75,-60.0,86.67,169.23,56.95,9134267.0,False,3,G3/3
BGS,"B&G Foods, Inc.",2025-08-01,2026-08-20,100.0,2026-05-01,5.54,3.33,39.89,4.37,-23.8,26.77,188.89,33.82,8540916.0,False,3,G3/3
ALMU,"Aeluma, Inc. Common Stock",2025-08-01,2026-08-20,100.0,2026-05-01,25.58,14.92,41.67,17.8,-16.18,43.71,137.02,22.86,8261646.0,False,3,G3/3
SPIR,"Spire Global, Inc.",2025-08-01,2026-08-20,100.0,2026-05-29,22.84,13.89,39.19,11.45,21.31,99.48,78.58,137.67,7503338.0,False,3,G3/3
CLFD,"Clearfield, Inc.",2025-08-01,2026-08-20,100.0,2026-05-29,47.22,27.54,41.68,30.34,-9.23,55.64,116.59,15.71,7035562.0,False,3,G3/3
GILT,Gilat Satellite Networks Ltd,2025-08-01,2026-08-20,100.0,2026-05-08,19.39,10.52,45.75,17.86,-41.1,8.57,579.74,163.81,7026204.0,False,3,G3/3
STRO,"Sutro Biopharma, Inc.",2025-08-01,2026-08-20,100.0,2026-05-08,40.24,21.16,47.42,13.82,53.11,191.17,72.22,396.79,6701632.0,False,3,G3/3
PAHC,Phibro Animal Health Corporation Class A,2025-08-01,2026-08-20,100.0,2026-04-10,57.89,35.18,39.23,39.44,-10.8,46.78,123.09,121.72,6403991.0,False,3,G3/3
RLMD,"Relmada Therapeutics, Inc. Common Stock",2025-08-01,2026-08-20,100.0,2026-05-01,7.64,4.64,39.27,3.9,18.97,95.9,80.21,1194.04,6298238.0,False,3,G3/3
CRNC,Cerence Inc. Common Stock,2025-08-01,2026-08-20,100.0,2026-05-29,12.86,7.95,38.18,11.56,-31.23,11.25,377.69,57.99,6225749.0,False,3,G3/3
ATS,ATS Corporation,2025-08-01,2026-08-20,100.0,2026-05-08,35.38,19.28,45.51,28.8,-33.06,22.85,244.68,18.53,5868824.0,False,3,G3/3
ELVA,Electrovaya Inc. Common Shares,2025-08-01,2026-08-20,100.0,2026-05-29,11.69,6.68,42.86,9.82,-31.98,19.04,267.91,140.53,5417260.0,False,3,G3/3
GCTS,"GCT Semiconductor Holding, Inc.",2025-08-01,2026-08-20,100.0,2026-05-22,3.39,1.99,41.3,1.16,71.55,192.24,62.78,154.89,5277715.0,False,3,G3/3
EGG,Enigmatig Limited,2025-08-01,2026-08-20,100.0,2026-05-22,10.48,3.01,71.28,5.88,-48.81,78.23,162.39,132.89,5171958.0,False,3,G3/3
FIEE,"FiEE, Inc Common Stock",2025-08-01,2026-08-20,100.0,2026-04-10,7.6,4.7,38.16,3.65,28.77,108.22,73.42,178.39,4984907.0,False,3,G3/3
ZNTL,"Zentalis Pharmaceuticals, Inc. Common Stock",2025-08-01,2026-08-20,100.0,2026-04-10,6.61,3.84,41.91,2.94,30.61,124.83,75.48,393.28,4957587.0,False,3,G3/3
GSIT,GSI Technology,2025-08-01,2026-08-20,100.0,2026-05-29,9.925,5.95,40.05,7.85,-24.2,26.43,191.57,164.67,3817899.0,False,3,G3/3
OCS,Oculis Holding AG Ordinary shares,2025-08-01,2026-08-20,100.0,2026-05-08,32.64,13.14,59.74,25.22,-47.9,29.42,262.8,84.41,3434670.0,False,3,G3/3
WATT,Energous Corporation,2025-08-01,2026-08-20,100.0,2026-05-01,34.25,12.32,64.03,5.5,124.0,522.73,76.28,192.81,3266021.0,False,3,G3/3
VUZI,Vuzix Corporation,2025-08-01,2026-08-20,100.0,2026-05-22,5.14,2.99,41.83,3.16,-5.38,62.66,108.59,164.95,3143076.0,False,3,G3/3
ATOM,Atomera Incorporated Common Stock,2025-08-01,2026-08-20,100.0,2026-05-01,11.09,4.79,56.81,2.37,102.11,367.93,72.25,137.98,3028640.0,False,3,G3/3
TRT,Trio-Tech International,2025-08-01,2026-08-20,100.0,2026-05-15,20.05,11.14,44.44,6.52,70.86,207.52,65.85,633.09,2993785.0,False,3,G3/3
MX,Magnachip Semiconductor Corp.,2025-08-01,2026-08-20,100.0,2026-05-29,8.8,3.28,62.73,2.9,13.1,203.45,93.56,197.3,2985086.0,False,3,G3/3
ASTC,Astrotech Corporation (DE) Common Stock,2025-08-01,2026-08-20,100.0,2026-05-29,49.8,7.56,84.82,3.56,112.36,1298.88,91.35,847.98,2859791.0,False,3,G3/3
INSG,Inseego Corp. Common Stock,2025-08-01,2026-08-20,100.0,2026-05-01,20.29,4.02,80.19,10.89,-63.09,86.32,173.09,217.03,2631601.0,False,3,G3/3
TRDA,"Entrada Therapeutics, Inc. Common Stock",2025-08-01,2026-08-20,100.0,2026-05-01,14.5,7.6,47.59,11.0,-30.91,31.82,197.14,150.0,2596640.0,False,3,G3/3
TYGO,"Tigo Energy, Inc. Common Stock",2025-08-01,2026-08-20,100.0,2026-04-24,5.01,1.09,78.24,2.95,-63.05,69.83,190.29,282.44,2527295.0,False,3,G3/3
IHRT,"iHeartMedia, Inc. Class A Common Stock",2025-08-01,2026-08-20,100.0,2026-05-01,6.33,2.895,54.27,3.79,-23.61,67.02,135.24,249.72,2357636.0,False,3,G3/3
UIS,Unisys Corporation,2025-08-01,2026-08-20,100.0,2026-05-29,4.59,2.66,42.05,2.88,-7.64,59.38,112.87,17.39,2195087.0,False,3,G3/3
HOVR,New Horizon Aircraft Ltd. Class A Ordinary Share,2025-08-01,2026-08-20,100.0,2026-05-22,3.14,1.84,41.4,2.15,-14.42,46.05,131.31,122.7,1986227.0,False,3,G3/3
VLN,Valens Semiconductor Ltd.,2025-08-01,2026-08-20,100.0,2026-05-29,3.53,1.77,49.86,1.96,-9.69,80.1,112.1,48.32,1722158.0,False,3,G3/3
IDN,"Intellicheck, Inc. Common Stock",2025-08-01,2026-08-20,100.0,2026-04-17,8.49,2.95,65.25,6.01,-50.92,41.26,223.39,76.14,1542404.0,False,3,G3/3
BCAR,D. Boral ARC Acquisition I Corp. Class A Ordinary Shares,2025-08-22,2026-08-20,94.6,2026-05-29,10.97,5.16,52.96,10.19,-49.36,7.65,744.87,10.7,1527825.0,False,3,G3/3
AMTX,"Aemetis, Inc. (DE) Common Stock",2025-08-01,2026-08-20,100.0,2026-05-01,3.52,1.92,45.45,1.53,25.49,130.07,80.4,29.89,1496612.0,False,3,G3/3
NYAX,Nayax Ltd. Ordinary Shares,2025-08-01,2026-08-20,100.0,2026-05-29,75.81,47.38,37.5,56.115,-15.57,35.1,144.35,77.75,1255184.0,False,3,G3/3
CPSH,CPS Technologies Corp. Common Stock,2025-08-01,2026-08-20,100.0,2026-05-29,9.02,3.82,57.65,5.34,-28.46,68.91,141.3,211.03,1192749.0,False,3,G3/3
BRCC,BRC Inc.,2025-08-01,2026-08-20,100.0,2026-05-22,1.72,0.8642,49.76,0.9802,-11.83,75.47,115.68,4.88,1161837.0,False,3,G3/3
DARE,"Dare Bioscience, Inc. Common Stock",2025-08-01,2026-08-20,100.0,2026-04-17,2.95,0.8092,72.57,1.95,-58.5,51.28,214.08,21.9,1088921.0,False,3,G3/3
KLXE,"KLX Energy Services Holdings, Inc. Common Stock",2025-08-01,2026-08-20,100.0,2026-05-15,3.92,1.63,58.42,2.16,-24.54,81.48,130.11,137.58,941452.0,False,3,G3/3
PLRZ,Polyrizon Ltd. Ordinary Shares,2025-08-01,2026-08-20,100.0,2026-05-29,17.17,10.49,38.91,12.79,-17.98,34.25,152.51,162.54,915524.0,False,3,G3/3
DMRC,Digimarc Corporation Common Stock,2025-08-01,2026-08-20,100.0,2026-05-29,14.7,6.62,54.97,6.35,4.25,131.5,96.77,29.52,813753.0,False,3,G3/3
BIRD,"Smartbird, Inc. Class A Common Stock",2025-08-01,2026-08-20,100.0,2026-04-17,10.8,2.47,77.13,4.12,-40.05,162.14,124.7,13.68,806285.0,False,3,G3/3
INVE,"Identive, Inc.",2025-08-01,2026-08-20,100.0,2026-05-08,5.14,2.89,43.77,3.32,-12.95,54.82,123.63,48.99,730941.0,False,3,G3/3
PDSB,PDS Biotechnology Corporation Common Stock,2025-08-01,2026-08-20,100.0,2026-05-15,1.34,0.2089,84.41,0.9499,-78.01,41.07,289.95,22.94,702804.0,False,3,G3/3
BMEA,"Biomea Fusion, Inc. Common Stock",2025-08-01,2026-08-20,100.0,2026-04-17,2.21,1.36,38.46,1.34,1.49,64.93,97.7,40.76,667444.0,False,3,G3/3
ATLX,Atlas Lithium Corporation Common Stock,2025-08-01,2026-08-20,100.0,2026-05-08,6.46,3.17,50.93,5.26,-39.73,22.81,274.17,48.85,598467.0,False,3,G3/3
DTI,Drilling Tools International Corporation Common Stock,2025-08-01,2026-08-20,100.0,2026-04-02,4.36,2.64,39.45,3.46,-23.7,26.01,191.11,111.65,563345.0,False,3,G3/3
GRCE,"Grace Therapeutics, Inc. Common Stock",2025-08-01,2026-08-20,100.0,2026-04-02,5.13,2.14,58.28,3.66,-41.53,40.16,203.4,78.75,548134.0,False,3,G3/3
HYPR,"Hyperfine, Inc. Class A Common Stock",2025-08-01,2026-08-20,100.0,2026-05-01,1.87,0.9041,51.65,1.12,-19.28,66.96,128.79,81.55,538980.0,False,3,G3/3
ARMP,"Armata Pharmaceuticals, Inc. Common Stock",2025-08-01,2026-08-20,100.0,2026-04-24,12.92,4.42,65.79,6.56,-32.62,96.95,133.65,408.66,491990.0,False,3,G3/3
BODI,"The Beachbody Company, Inc. Class A Common Stock",2025-08-01,2026-08-20,100.0,2026-04-24,15.49,6.5,58.04,9.7,-32.99,59.69,155.27,296.16,445958.0,False,3,G3/3
EDSA,"Edesa Biotech, Inc. Common Shares",2025-08-01,2026-08-20,100.0,2026-05-01,17.59,4.76,72.94,1.46,226.03,1104.79,79.54,721.96,401619.0,False,3,G3/3
RNTX,"Rein Therapeutics, Inc. Common Stock",2025-08-01,2026-08-20,100.0,2026-04-17,1.76,0.7936,54.91,1.25,-36.51,40.8,189.49,58.56,364767.0,False,3,G3/3
TOPP,Toppoint Holdings Inc.,2025-08-01,2026-08-20,100.0,2026-05-29,2.55,0.1937,92.4,0.8153,-76.24,212.77,135.83,20.85,357595.0,False,3,G3/3
PPSI,"Pioneer Power Solutions, Inc.",2025-08-01,2026-08-20,100.0,2026-05-29,5.42,2.88,46.86,4.69,-38.59,15.57,347.95,88.19,320597.0,False,3,G3/3
MDAI,"Spectral AI, Inc. Class A Common Stock",2025-08-01,2026-08-20,100.0,2026-05-22,2.68,1.57,41.42,1.56,0.64,71.79,99.11,13.56,315645.0,False,3,G3/3
LVO,"LiveOne, Inc. Common Stock",2025-08-01,2026-08-20,100.0,2026-05-22,6.94,3.75,45.97,4.52,-17.04,53.54,131.82,7.08,268455.0,False,3,G3/3
PODC,"PodcastOne, Inc. Common Stock",2025-08-01,2026-08-20,100.0,2026-05-29,4.94,2.52,48.99,2.62,-3.82,88.55,104.31,216.67,261161.0,False,3,G3/3
RYDE,Ryde Group Ltd.,2025-08-01,2026-08-20,100.0,2026-04-17,1.49,0.8449,43.3,0.3096,172.9,381.27,54.65,401.18,225691.0,False,3,G3/3
GRNQ,Greenpro Capital Corp. Common Stock,2025-08-01,2026-08-20,100.0,2026-04-02,30.3,13.7,54.79,17.968,-23.75,68.63,134.61,80.36,127864.0,False,3,G3/3
LICN,Lichen China Limited Class A Ordinary Shares,2025-08-01,2026-08-20,100.0,2026-05-15,7.08,1.28,81.92,3.0017,-57.36,135.87,142.22,87.8,123560.0,False,3,G3/3
MTC,"MMTec, Inc. Common Shares",2025-08-01,2026-08-20,100.0,2026-05-08,6.95,3.05,56.12,2.92,4.45,138.01,96.77,680.9,87763.0,False,3,G3/3
KMRK,K-Tech Solutions Company Limited Class A Ordinary Shares,2025-08-01,2026-08-20,100.0,2026-04-17,3.95,1.12,71.65,1.48,-24.32,166.89,114.57,226.45,86236.0,False,3,G3/3
SYPR,Sypris Solutions Inc,2025-08-01,2026-08-20,100.0,2026-04-17,3.97,1.73,56.42,3.26,-46.93,21.78,315.49,108.95,67751.0,False,3,G3/3
EFOI,"Energy Focus, Inc.",2025-08-01,2026-08-20,100.0,2026-04-17,6.49,2.73,57.94,2.22,22.97,192.34,88.06,222.89,29440.0,False,3,G3/3
