ticker,code,name,lot_size,stock_type,stock_child_type,listing_date,last_trade_time,last_price,open_price,high_price,low_price,prev_close_price,volume,turnover,amplitude,turnover_rate,market_val,pe_ratio,pb_ratio,update_time,retrieved_at_utc
AAOI,US.AAOI,Applied Optoelectronics,1,STOCK,N/A,1970-01-01,,102.45,106.29,107.32,101.13,107.0,4025369.0,415909728.254,5.785,4.975,,-160.078,5.215,2026-09-23 14:03:55,2026-09-24T02:03:56+08:00
AGIX,US.AGIX,Kraneshares通用人工智能ETF-AGIX,1,ETF,N/A,2024-07-18,,48.125,48.46,48.61,47.92,48.61,106058.0,5097140.127,1.419,0.437,,nan,nan,2026-09-23 14:02:34,2026-09-24T02:03:56+08:00
AIPO,US.AIPO,Defiance AI & Power Infrastructure ETF,1,ETF,N/A,2025-07-25,,28.9,29.15,29.2041,28.74,29.29,609085.0,17637380.835,1.584,1.893,,nan,nan,2026-09-23 14:03:57,2026-09-24T02:03:56+08:00
ALAB,US.ALAB,Astera Labs,1,STOCK,N/A,2024-03-20,,360.81,364.86,367.8698,351.3786,363.46,2048659.0,732552610.6,4.537,1.313,,295.745,36.273,2026-09-23 14:03:57,2026-09-24T02:03:56+08:00
AMAT,US.AMAT,应用材料,1,STOCK,N/A,1978-01-06,,472.88,472.46,474.9,461.0,472.46,2435250.0,1141776905.824,2.942,0.308,,54.605,14.644,2026-09-23 14:03:53,2026-09-24T02:03:56+08:00
AMD,US.AMD,美国超微公司,1,STOCK,N/A,1972-09-01,,612.81,622.45,624.6899,608.09,623.77,11011710.0,6766510462.811,2.661,0.687,,231.249,14.881,2026-09-23 14:03:57,2026-09-24T02:03:56+08:00
ANET,US.ANET,Arista Networks,1,STOCK,N/A,1970-01-01,,202.49,206.48,206.48,200.75,205.19,1913710.0,388024893.182,2.793,0.182,,73.632,17.258,2026-09-23 14:03:57,2026-09-24T02:03:56+08:00
APP,US.APP,Applovin,1,STOCK,N/A,2021-04-15,,311.47,315.8,316.0,304.77,328.73,4861160.0,1507290163.998,3.416,1.901,,31.945,32.952,2026-09-23 14:03:54,2026-09-24T02:03:56+08:00
ARKG,US.ARKG,基因进化ETF-ARK,1,ETF,N/A,1970-01-01,,50.96,52.6,53.0,50.84,52.87,3442191.0,177878551.376,4.085,8.043,,nan,nan,2026-09-23 14:03:52,2026-09-24T02:03:56+08:00
ARM,US.ARM,Arm Holdings,1,STOCK,N/A,2023-09-14,,330.18,331.85,336.9799,324.56,333.2,4885692.0,1610342171.506,3.727,3.423,,388.447,40.858,2026-09-23 14:03:54,2026-09-24T02:03:56+08:00
ASML,US.ASML,阿斯麦,1,STOCK,N/A,1970-01-01,,1734.12,1731.21,1738.55,1704.3,1747.9,824078.0,1419838359.383,1.959,0.215,,61.297,26.656,2026-09-23 14:03:53,2026-09-24T02:03:56+08:00
ASX,US.ASX,日月光半导体,1,STOCK,N/A,2000-10-02,,43.805,44.29,44.83,43.15,45.2,2637890.0,115563325.868,3.717,0.158,,79.356,7.976,2026-09-23 14:03:10,2026-09-24T02:03:56+08:00
AXTI,US.AXTI,AXT Inc,1,STOCK,N/A,1970-01-01,,74.9,78.48,78.7552,74.2953,77.79,3379087.0,256182951.651,5.733,5.365,,-152.857,5.557,2026-09-23 14:03:55,2026-09-24T02:03:56+08:00
BATT,US.BATT,Amplify Lithium & Battery Technology Etf,1,ETF,N/A,1970-01-01,,14.71,14.8,14.82,14.64,15.04,21445.0,315270.076,1.197,0.275,,nan,nan,2026-09-23 13:58:41,2026-09-24T02:03:56+08:00
BBH,US.BBH,生物科技指数ETF-VanEck,1,ETF,N/A,1970-01-01,,239.5611,241.62,243.08,239.37,242.03,11252.0,2709811.412,1.533,0.561,,nan,nan,2026-09-23 13:12:30,2026-09-24T02:03:56+08:00
BE,US.BE,Bloom Energy,1,STOCK,N/A,2018-07-25,,274.58,277.63,282.635,271.025,276.53,5686391.0,1570784624.691,4.198,2.038,,-742.108,50.169,2026-09-23 14:03:55,2026-09-24T02:03:56+08:00
BOTZ,US.BOTZ,Global X Robotics & Artificial Intelligence Thematic ETF,1,ETF,N/A,2016-09-13,,35.29,35.67,35.67,35.145,36.01,318736.0,11278030.235,1.458,0.336,,nan,nan,2026-09-23 14:03:50,2026-09-24T02:03:56+08:00
CAMT,US.CAMT,康特科技,1,STOCK,N/A,1970-01-01,,149.42,149.4,149.66,142.7,151.36,167263.0,24477658.689,4.598,0.575,,143.673,9.819,2026-09-23 13:59:26,2026-09-24T02:03:56+08:00
CBRS,US.CBRS,Cerebras Systems,1,STOCK,N/A,2026-05-14,,205.47,211.25,212.925,203.0,212.41,2370725.0,490646205.099,4.673,7.902,,503.602,5.332,2026-09-23 14:03:56,2026-09-24T02:03:56+08:00
CCI,US.CCI,冠城国际,1,ETF,N/A,1970-01-01,,70.945,71.97,72.47,70.71,72.37,1088418.0,77674249.338,2.432,0.256,,nan,nan,2026-09-23 14:03:38,2026-09-24T02:03:56+08:00
CCJ,US.CCJ,Cameco,1,STOCK,N/A,1970-01-01,,91.67,93.2,93.69,91.52,94.59,1404344.0,129526012.387,2.294,0.323,,95.489,7.871,2026-09-23 14:03:55,2026-09-24T02:03:56+08:00
CIEN,US.CIEN,Ciena,1,STOCK,N/A,1970-01-01,,358.52,368.61,368.72,351.53,368.56,1164956.0,417629894.015,4.664,0.827,,421.788,16.632,2026-09-23 14:03:41,2026-09-24T02:03:56+08:00
CLS,US.CLS,天弘科技,1,STOCK,N/A,1970-01-01,,362.55,359.43,367.8999,354.37,356.09,1436154.0,519938082.859,3.8,1.161,,50.635,18.226,2026-09-23 14:03:49,2026-09-24T02:03:56+08:00
COHR,US.COHR,Coherent,1,STOCK,N/A,1970-01-01,,301.65,312.12,312.2398,298.4792,310.39,3808274.0,1153063854.919,4.433,1.962,,73.293,5.423,2026-09-23 14:03:57,2026-09-24T02:03:56+08:00
COPX,US.COPX,铜矿ETF-Global X,1,ETF,N/A,1970-01-01,,86.79,87.53,87.77,86.17,89.98,1458448.0,126515510.592,1.778,1.702,,nan,nan,2026-09-23 14:03:56,2026-09-24T02:03:56+08:00
CRBP,US.CRBP,Corbus Pharmaceuticals,1,STOCK,N/A,1970-01-01,,7.77,7.83,7.98,7.74,7.875,559443.0,4400402.956,3.048,3.69,,-1.316,1.469,2026-09-23 14:03:45,2026-09-24T02:03:56+08:00
CRDO,US.CRDO,Credo Technology,1,STOCK,N/A,2022-01-27,,195.06,191.5,196.15,189.26,192.56,5085409.0,977580052.789,3.578,3.073,,77.735,13.44,2026-09-23 14:03:56,2026-09-24T02:03:56+08:00
CRWD,US.CRWD,CrowdStrike,1,STOCK,N/A,2019-06-12,,260.43,251.66,263.19,248.51,250.06,9121592.0,2353589924.886,5.871,0.933,,-1597.73,52.274,2026-09-23 14:03:50,2026-09-24T02:03:56+08:00
CVX,US.CVX,雪佛龙,1,STOCK,N/A,1970-01-01,,205.8,203.47,207.0,203.48,202.41,4718296.0,970989642.132,1.739,0.251,,31.04,2.141,2026-09-23 14:03:46,2026-09-24T02:03:56+08:00
DELL,US.DELL,戴尔科技,1,STOCK,N/A,2016-09-07,,549.665,559.9,570.72,542.2303,548.92,6158308.0,3417906851.011,5.19,2.109,,63.325,-244.948,2026-09-23 14:03:55,2026-09-24T02:03:56+08:00
DRAM,US.DRAM,Roundhill Memory ETF,1,ETF,N/A,2026-04-02,,61.92,63.2,63.4399,61.54,63.62,17699752.0,1100265666.847,2.986,4.076,,nan,nan,2026-09-23 14:03:57,2026-09-24T02:03:56+08:00
DT,US.DT,Dynatrace,1,STOCK,N/A,2019-08-01,,58.5521,57.7,59.31,57.43,57.2,3090697.0,180998138.855,3.287,1.077,,108.429,6.904,2026-09-23 14:03:43,2026-09-24T02:03:56+08:00
ENTG,US.ENTG,英特格,1,STOCK,N/A,1970-01-01,,151.41,149.77,152.03,147.325,151.11,729521.0,109397050.52,3.114,0.48,,97.683,5.566,2026-09-23 14:03:56,2026-09-24T02:03:56+08:00
EQIX,US.EQIX,易昆尼克斯,1,ETF,N/A,2000-08-11,,1043.375,1057.0,1060.975,1037.81,1059.26,123318.0,128915228.058,2.187,0.125,,nan,nan,2026-09-23 14:02:52,2026-09-24T02:03:56+08:00
ETN,US.ETN,伊顿,1,STOCK,N/A,1970-01-01,,438.54,442.56,443.49,436.095,442.49,778952.0,342138127.881,1.671,0.201,,41.845,8.409,2026-09-23 14:03:49,2026-09-24T02:03:56+08:00
EWH,US.EWH,香港ETF-iShares,1,ETF,N/A,1970-01-01,,22.465,22.51,22.54,22.385,22.84,2132436.0,47868582.86,0.679,4.194,,nan,nan,2026-09-23 14:03:32,2026-09-24T02:03:56+08:00
EWJ,US.EWJ,MSCI日本指数ETF-iShares,1,ETF,N/A,1970-01-01,,97.2,97.97,97.93,96.85,98.78,2427041.0,236082310.07,1.093,1.015,,nan,nan,2026-09-23 14:03:26,2026-09-24T02:03:56+08:00
EWY,US.EWY,MSCI韩国指数ETF-iShares,1,ETF,N/A,1970-01-01,,186.13,188.86,189.17,184.92,192.62,8609644.0,1606891642.603,2.206,5.971,,nan,nan,2026-09-23 14:03:51,2026-09-24T02:03:56+08:00
FCX,US.FCX,麦克莫兰铜金,1,STOCK,N/A,1970-01-01,,72.035,72.93,72.93,71.25,74.35,5237558.0,377296730.899,2.26,0.376,,47.391,5.144,2026-09-23 14:03:55,2026-09-24T02:03:56+08:00
FINX,US.FINX,Global X FinTech Thematic ETF,1,ETF,N/A,2016-09-13,,25.57,25.85,25.85,25.5058,25.995,12401.0,318701.222,1.324,0.193,,nan,nan,2026-09-23 13:23:27,2026-09-24T02:03:56+08:00
FRVO,US.FRVO,Fervo Energy,1,STOCK,N/A,2026-05-13,,16.31,16.35,16.665,15.9817,16.44,1416858.0,23143201.058,4.156,2.024,,-65.502,1.72,2026-09-23 14:03:11,2026-09-24T02:03:56+08:00
GCTS.WS,US.GCTS.WS,GCT SEMICONDUCTOR HOLDING INC C/WTS 01/03/2029(TO PUR COM),1,WARRANT,N/A,1970-01-01,,0.305,0.325,0.326,0.3,0.3,17391.0,5531.485,8.667,0.0,,nan,nan,2026-09-23 11:26:20,2026-09-24T02:03:56+08:00
GEV,US.GEV,GE Vernova,1,STOCK,N/A,2024-03-27,,944.59,949.98,954.77,934.75,950.28,1137406.0,1074284598.292,2.107,0.428,,53.396,21.039,2026-09-23 14:03:44,2026-09-24T02:03:56+08:00
GLD,US.GLD,黄金ETF-SPDR,1,ETF,N/A,1970-01-01,,393.38,395.39,395.5,391.8701,400.07,5033051.0,1979202696.614,0.907,1.36,,nan,nan,2026-09-23 14:03:56,2026-09-24T02:03:56+08:00
GLW,US.GLW,康宁,1,STOCK,N/A,1970-01-01,,154.9086,160.15,160.53,153.6261,159.69,3560344.0,552547929.285,4.323,0.453,,84.649,10.624,2026-09-23 14:03:46,2026-09-24T02:03:56+08:00
GRID,US.GRID,First Trust Nasdaq Clean Edge Smart GRID Infrastructure Index,1,ETF,N/A,1970-01-01,,180.06,181.3,181.82,179.07,182.86,435902.0,78559616.228,1.504,0.653,,nan,nan,2026-09-23 14:02:56,2026-09-24T02:03:56+08:00
HLTH,US.HLTH,Tema Healthcare AI ETF,1,ETF,N/A,2026-07-21,,28.78,29.675,29.6518,28.78,29.8167,2918.0,84868.117,2.924,0.941,,nan,nan,2026-09-23 13:52:01,2026-09-24T02:03:56+08:00
HTEC,US.HTEC,EXCHANGE TRADED CONCEPTS TRUST ROBO GLBL HEALTHCARE TECH & INNOVTIN ETF,1,ETF,N/A,1970-01-01,,43.21,43.7,43.855,43.152,43.6417,56205.0,2441769.213,1.611,3.306,,nan,nan,2026-09-23 14:02:55,2026-09-24T02:03:56+08:00
IBB,US.IBB,生物科技指数ETF-iShares,1,ETF,N/A,1970-01-01,,206.19,211.23,211.83,205.78,210.81,1293308.0,269730656.27,2.87,2.541,,nan,nan,2026-09-23 14:03:48,2026-09-24T02:03:56+08:00
IGV,US.IGV,扩展科技软件行业ETF-iShares,1,ETF,N/A,1970-01-01,,107.97,107.07,108.325,106.49,106.75,4874480.0,524943670.131,1.719,3.771,,nan,nan,2026-09-23 14:03:54,2026-09-24T02:03:56+08:00
IHI,US.IHI,iShares安硕美国医药设备ETF,1,ETF,N/A,1970-01-01,,51.74,52.17,52.47,51.7,52.3,823298.0,42849929.509,1.472,1.213,,nan,nan,2026-09-23 14:03:25,2026-09-24T02:03:56+08:00
INTC,US.INTC,英特尔,1,STOCK,N/A,1971-10-21,,120.62,124.19,124.25,119.44,123.86,55243049.0,6677656361.756,3.883,1.148,,-2010.333,7.238,2026-09-23 14:03:56,2026-09-24T02:03:56+08:00
IONL,US.IONL,2倍做多IONQ ETF-GraniteShares,1,ETF,N/A,2025-03-25,,14.46,16.47,16.5881,13.77,13.17,2566158.0,38543157.19,21.398,46.071,,nan,nan,2026-09-23 14:03:56,2026-09-24T02:03:56+08:00
ITA,US.ITA,iShares安硕美国航空航天与国防ETF,1,ETF,N/A,1970-01-01,,214.845,213.81,216.9299,213.35,214.0,422211.0,90901210.162,1.673,0.721,,nan,nan,2026-09-23 14:03:49,2026-09-24T02:03:56+08:00
IWO,US.IWO,罗素2000成长股指数ETF-iShares,1,ETF,N/A,1970-01-01,,360.77,366.53,366.53,359.48,367.92,221199.0,79962401.868,1.916,0.564,,nan,nan,2026-09-23 14:03:15,2026-09-24T02:03:56+08:00
IXC,US.IXC,iShares安硕全球能源ETF,1,ETF,N/A,1970-01-01,,57.87,57.57,58.2144,57.46,57.26,548373.0,31747663.606,1.317,1.085,,nan,nan,2026-09-23 14:01:34,2026-09-24T02:03:56+08:00
IYE,US.IYE,iShares安硕美国能源ETF,1,ETF,N/A,1970-01-01,,65.825,65.6,66.395,65.49,65.14,1258800.0,82992995.048,1.389,4.946,,nan,nan,2026-09-23 14:03:57,2026-09-24T02:03:56+08:00
IYM,US.IYM,基础材料ETF-iShares,1,ETF,N/A,1970-01-01,,184.3,183.43,184.37,182.56,185.35,321758.0,59674906.514,0.977,5.363,,nan,nan,2026-09-23 14:02:52,2026-09-24T02:03:56+08:00
KOD,US.KOD,Kodiak Sciences,1,STOCK,N/A,2018-10-04,,31.28,34.1,34.4775,30.8,33.8,624065.0,19638712.56,10.88,1.572,,-7.24,32.181,2026-09-23 14:03:29,2026-09-24T02:03:56+08:00
KSTR,US.KSTR,中国科技半导体科创50指数ETF-KraneShares,1,ETF,N/A,1970-01-01,,24.08,24.245,24.21,23.97,24.64,401251.0,9664184.703,0.974,2.367,,nan,nan,2026-09-23 14:03:11,2026-09-24T02:03:56+08:00
LIFE,US.LIFE,Ethos Technologies,1,STOCK,N/A,2026-01-29,,33.51,36.2,37.4897,33.07,36.19,858446.0,29457494.761,12.212,3.045,,29.602,4.487,2026-09-23 14:03:55,2026-09-24T02:03:56+08:00
LIST2015,US.LIST2015,半导体,0,PLATE,N/A,1970-01-01,,7123.32635752,7220.93224852,7228.859117394,7081.106481491,7255.323772981,252135828.0,62236817943.0,2.036,0.431,,nan,nan,2026-09-23 14:03:48,2026-09-24T02:03:56+08:00
LIST2016,US.LIST2016,半导体设备与材料,0,PLATE,N/A,1970-01-01,,7004.727610793,7000.141198235,7026.778218764,6852.264654419,7050.625195771,29433215.0,6203472984.0,2.475,0.566,,nan,nan,2026-09-23 14:03:48,2026-09-24T02:03:56+08:00
LIST2069,US.LIST2069,生物技术,0,PLATE,N/A,1970-01-01,,5994.34980137,6182.602534212,6194.32713536,5975.279092428,6183.081270753,1087410748.0,10975701418.0,3.543,3.186,,nan,nan,2026-09-23 14:03:48,2026-09-24T02:03:56+08:00
LIST20882,US.LIST20882,英伟达持仓概念,0,PLATE,N/A,1970-01-01,,3390.585475996,3469.449701614,3469.449701614,3366.43647664,3457.21875504,139596916.0,12599003173.0,2.98,1.361,,nan,nan,2026-09-23 14:03:48,2026-09-24T02:03:56+08:00
LIST2153,US.LIST2153,ARK持仓,0,PLATE,N/A,1970-01-01,,1509.861126861,1524.142482716,1526.315131985,1505.600492016,1524.955579635,642521220.0,110021013315.0,1.358,0.542,,nan,nan,2026-09-23 14:03:48,2026-09-24T02:03:56+08:00
LIST22865,US.LIST22865,铜概念,0,PLATE,N/A,1970-01-01,,2570.276380175,2578.941346277,2633.392053626,2549.46929535,2636.591813629,20266295.0,1100195372.0,3.183,0.159,,nan,nan,2026-09-23 14:03:48,2026-09-24T02:03:56+08:00
LIST23592,US.LIST23592,AI医疗概念股,0,PLATE,N/A,1970-01-01,,1245.020210708,1253.301050108,1260.195955594,1244.83254111,1253.190361685,54641270.0,2609725503.0,1.226,1.22,,nan,nan,2026-09-23 14:03:48,2026-09-24T02:03:56+08:00
LIST23925,US.LIST23925,存储概念,0,PLATE,N/A,1970-01-01,,12643.021196428,12834.700583535,12857.692514729,12508.242802079,12931.796809837,38868148.0,33344150279.0,2.702,0.5,,nan,nan,2026-09-23 14:03:48,2026-09-24T02:03:56+08:00
LIST23979,US.LIST23979,光通信,0,PLATE,N/A,1970-01-01,,4932.26096726,5022.344957537,5025.893897381,4907.095414248,5041.398983739,117092810.0,14225052856.0,2.356,0.728,,nan,nan,2026-09-23 14:03:48,2026-09-24T02:03:56+08:00
LIST24035,US.LIST24035,白银概念,0,PLATE,N/A,1970-01-01,,2738.654752287,2788.0339806,2873.618371982,2711.19700583,2878.189740008,93595902.0,1889527685.0,5.643,2.451,,nan,nan,2026-09-23 14:03:48,2026-09-24T02:03:56+08:00
LIST24210,US.LIST24210,CPU概念,0,PLATE,N/A,1970-01-01,,3670.032859345,3720.215870613,3723.400113786,3649.990106522,3730.747611556,125956185.0,27310126752.0,1.968,0.407,,nan,nan,2026-09-23 14:03:48,2026-09-24T02:03:56+08:00
LIST2542,US.LIST2542,昨日强势股,0,PLATE,N/A,1970-01-01,,0.002333645,0.002365969,0.00236903,0.002330178,0.002368097,915561250.0,4878862565.0,1.641,0.3,,nan,nan,2026-09-23 14:03:48,2026-09-24T02:03:56+08:00
LIT,US.LIT,锂电池技术ETF-Global X,1,ETF,N/A,1970-01-01,,69.69,70.26,70.39,69.325,71.33,53573.0,3736071.555,1.493,0.255,,nan,nan,2026-09-23 13:58:33,2026-09-24T02:03:56+08:00
LITE,US.LITE,Lumentum,1,STOCK,N/A,2015-07-23,,941.42,946.56,960.0,924.55,945.67,2081003.0,1963402470.708,3.749,2.337,,-10.117,18.166,2026-09-23 14:03:49,2026-09-24T02:03:56+08:00
LLY,US.LLY,礼来,1,STOCK,N/A,1970-01-01,,1147.5,1175.73,1188.88,1146.545,1170.14,1036697.0,1203129675.31,3.618,0.11,,50.0,31.883,2026-09-23 14:03:48,2026-09-24T02:03:56+08:00
LMAT,US.LMAT,勒梅特微管医疗,1,STOCK,N/A,1970-01-01,,80.42,80.7,81.52,80.125,80.98,90621.0,7302347.417,1.723,0.426,,31.912,4.375,2026-09-23 14:00:34,2026-09-24T02:03:56+08:00
LRNZ,US.LRNZ,"TrueShares Technology, AI & Deep Learning ETF",1,ETF,N/A,2025-06-16,,69.6183,69.01,0.0,0.0,69.6183,697.0,48467.081,0.0,0.109,,nan,nan,2026-09-22 20:02:19.015,2026-09-24T02:03:56+08:00
MRK,US.MRK,默沙东,1,STOCK,N/A,1970-01-01,,147.635,151.4,151.52,146.89,150.91,4353828.0,647228582.099,3.068,0.177,,20.279,8.686,2026-09-23 14:03:49,2026-09-24T02:03:56+08:00
MRVL,US.MRVL,迈威尔科技,1,STOCK,N/A,1970-01-01,,258.99,262.17,264.95,256.22,262.36,8291002.0,2153650928.965,3.327,0.949,,84.325,12.25,2026-09-23 14:03:56,2026-09-24T02:03:56+08:00
MTSI,US.MTSI,MACOM Technology Solutions,1,STOCK,N/A,1970-01-01,,275.76,276.24,278.63,269.64,279.69,437461.0,119843267.545,3.214,0.614,,-377.753,13.668,2026-09-23 14:03:56,2026-09-24T02:03:56+08:00
MU,US.MU,美光科技,1,STOCK,N/A,2009-12-30,,1072.64,1100.0,1105.4999,1064.25,1096.16,15673663.0,16932810337.517,3.763,1.442,,141.322,12.027,2026-09-23 14:03:56,2026-09-24T02:03:56+08:00
NBIS,US.NBIS,NEBIUS,1,STOCK,N/A,1970-01-01,,232.03,235.17,236.5686,228.501,236.12,7768151.0,1805506955.648,3.417,3.432,,703.121,6.1,2026-09-23 14:03:57,2026-09-24T02:03:56+08:00
NET,US.NET,Cloudflare,1,STOCK,N/A,2019-09-13,,355.065,354.05,364.21,351.0,353.0,1815450.0,648043324.325,3.742,0.567,,-1224.362,78.036,2026-09-23 14:03:41,2026-09-24T02:03:56+08:00
NOK,US.NOK,诺基亚,1,STOCK,N/A,1994-07-01,,10.635,10.86,10.9,10.6,10.82,48334808.0,518253818.142,2.773,1.087,,77.627,2.453,2026-09-23 14:03:43,2026-09-24T02:03:56+08:00
NVDA,US.NVDA,英伟达,1,STOCK,N/A,1999-01-22,,225.21,228.0,228.95,224.02,228.87,50163454.0,11344285711.334,2.154,0.215,,45.961,23.703,2026-09-23 14:03:58,2026-09-24T02:03:56+08:00
NVTS,US.NVTS,纳微半导体,1,STOCK,N/A,1970-01-01,,11.8639,12.38,12.4591,11.77,12.46,6085862.0,72912435.466,5.53,2.505,,-20.813,3.865,2026-09-23 14:03:53,2026-09-24T02:03:56+08:00
NXPI,US.NXPI,恩智浦,1,STOCK,N/A,1970-01-01,,235.49,236.35,236.56,231.73,237.57,1073502.0,251136030.161,2.033,0.427,,29.621,5.209,2026-09-23 14:03:54,2026-09-24T02:03:56+08:00
OKTA,US.OKTA,Okta,1,STOCK,N/A,2017-04-07,,202.85,197.97,205.7,196.0,196.62,2947673.0,596528178.569,4.933,1.78,,154.847,5.085,2026-09-23 14:03:55,2026-09-24T02:03:56+08:00
PAVE,US.PAVE,Global X US Infrastructure Development ETF,1,ETF,N/A,1970-01-01,,53.625,53.42,53.745,53.155,53.57,1379533.0,73921660.34,1.101,0.548,,nan,nan,2026-09-23 14:03:31,2026-09-24T02:03:56+08:00
PLTR,US.PLTR,Palantir,1,STOCK,N/A,2020-09-30,,190.665,186.25,193.79,182.95,184.99,24615982.0,4694460487.136,5.86,1.167,,302.642,46.88,2026-09-23 14:03:56,2026-09-24T02:03:56+08:00
PONY,US.PONY,小马智行,1,STOCK,N/A,2024-11-27,,7.31,7.19,7.46,7.11,7.29,3489187.0,25543835.395,4.801,1.138,,-20.885,2.015,2026-09-23 14:03:18,2026-09-24T02:03:56+08:00
QCOM,US.QCOM,高通,1,STOCK,N/A,1991-12-13,,197.11,199.18,199.613,193.23,198.27,4702757.0,923159586.598,3.219,0.449,,39.343,7.483,2026-09-23 14:03:52,2026-09-24T02:03:56+08:00
QQQ,US.QQQ,纳指100ETF-Invesco QQQ Trust,1,ETF,N/A,1970-01-01,,740.54,747.11,747.12,738.191,747.46,22088407.0,16385794904.638,1.195,3.303,,nan,nan,2026-09-23 14:03:57,2026-09-24T02:03:56+08:00
QUAL,US.QUAL,MSCI美国品质因素ETF-iShares,1,ETF,N/A,1970-01-01,,222.4,223.07,223.31,221.855,223.07,636286.0,141433573.031,0.652,0.296,,nan,nan,2026-09-23 14:03:14,2026-09-24T02:03:56+08:00
RBLX,US.RBLX,Roblox,1,STOCK,N/A,2021-03-10,,49.585,49.79,50.4,48.8,49.87,2615659.0,128786473.335,3.208,0.422,,-32.198,232.793,2026-09-23 14:03:56,2026-09-24T02:03:56+08:00
RBRK,US.RBRK,Rubrik,1,STOCK,N/A,2024-04-25,,113.345,112.33,114.46,110.06,111.87,1168847.0,131729176.625,3.933,0.714,,-63.676,-47.05,2026-09-23 14:02:52,2026-09-24T02:03:56+08:00
RKLB,US.RKLB,Rocket Lab,1,STOCK,N/A,1970-01-01,,70.67,72.8,73.57,70.46,71.98,13597202.0,978479013.803,4.321,2.441,,-191.0,12.111,2026-09-23 14:03:57,2026-09-24T02:03:56+08:00
RMBS,US.RMBS,Rambus,1,STOCK,N/A,1970-01-01,,102.21,105.08,106.55,100.42,105.24,1513001.0,155755438.163,5.825,1.406,,48.44,7.558,2026-09-23 14:03:40,2026-09-24T02:03:56+08:00
SDGR,US.SDGR,Schrodinger,1,STOCK,N/A,2020-02-06,,28.84,30.05,31.14,28.775,30.7,1841752.0,54826959.705,7.704,3.212,,-20.453,6.559,2026-09-23 14:03:50,2026-09-24T02:03:56+08:00
SEDG,US.SEDG,SolarEdge Technologies,1,STOCK,N/A,2015-03-26,,33.75,35.98,36.15,33.56,36.08,1938099.0,67106910.556,7.178,3.187,,-4.905,5.038,2026-09-23 14:03:55,2026-09-24T02:03:56+08:00
SKHY,US.SKHY,SK海力士,1,STOCK,N/A,2026-07-10,,189.55,191.51,193.078,186.11,195.37,10245327.0,1944614990.991,3.567,0.176,,43.594,11.388,2026-09-23 14:03:57,2026-09-24T02:03:56+08:00
SLV,US.SLV,白银ETF-iShares,1,ETF,N/A,1970-01-01,,58.365,58.97,59.03,58.06,60.73,11840874.0,692289013.318,1.597,2.164,,nan,nan,2026-09-23 14:03:53,2026-09-24T02:03:56+08:00
SLVP,US.SLVP,安硕MSCI环球银矿ETF,1,ETF,N/A,1970-01-01,,37.505,38.12,38.305,37.1267,39.51,152638.0,5718668.327,2.982,0.599,,nan,nan,2026-09-23 14:03:55,2026-09-24T02:03:56+08:00
SMH,US.SMH,半导体指数ETF-VanEck,1,ETF,N/A,1970-01-01,,599.1802,605.09,606.285,593.79,607.46,3997428.0,2392551918.4,2.057,3.273,,nan,nan,2026-09-23 14:03:57,2026-09-24T02:03:56+08:00
SMTC,US.SMTC,先科电子,1,STOCK,N/A,1970-01-01,,167.73,172.61,174.5,165.01,174.33,2267986.0,382948924.805,5.444,2.445,,-364.63,20.903,2026-09-23 14:03:52,2026-09-24T02:03:56+08:00
SNDK,US.SNDK,闪迪,1,STOCK,N/A,1970-01-01,,1828.03,1896.1,1902.22,1810.1101,1887.04,5837262.0,10759931233.123,4.881,4.04,,24.783,17.009,2026-09-23 14:03:57,2026-09-24T02:03:56+08:00
SNXX,US.SNXX,2倍做多SNDK ETF-Tradr,1,ETF,N/A,2026-01-27,,18.604,19.99,20.1526,18.225,19.8,37396536.0,708198632.951,9.735,33.128,,nan,nan,2026-09-23 14:03:54,2026-09-24T02:03:56+08:00
SOXS,US.SOXS,三倍做空半导体ETF-Direxion,1,ETF,N/A,1970-01-01,,34.03,32.82,35.06,32.63,32.42,70367348.0,2396145660.4,7.495,180.114,,nan,nan,2026-09-23 14:03:57,2026-09-24T02:03:56+08:00
SOXX,US.SOXX,半导体ETF-iShares,1,ETF,N/A,1970-01-01,,563.1875,570.74,571.55,557.07,572.78,7733044.0,4349794816.343,2.528,8.93,,nan,nan,2026-09-23 14:03:57,2026-09-24T02:03:56+08:00
SPCX,US.SPCX,SpaceX,1,STOCK,N/A,2026-06-12,,149.69,153.35,154.26,149.63,154.72,32882144.0,5003933701.909,2.993,1.463,,-396.005,15.508,2026-09-23 14:03:57,2026-09-24T02:03:56+08:00
SPY,US.SPY,标普500ETF-SPDR,1,ETF,N/A,1970-01-01,,768.34,772.75,773.02,766.5,773.38,22328428.0,17178623322.12,0.843,2.15,,nan,nan,2026-09-23 14:03:57,2026-09-24T02:03:56+08:00
TEM,US.TEM,Tempus AI,1,STOCK,N/A,2024-06-14,,76.44,76.47,78.97,76.03,77.19,3339430.0,257708654.35,3.809,2.877,,-54.212,30.997,2026-09-23 14:03:56,2026-09-24T02:03:56+08:00
TSM,US.TSM,台积电,1,STOCK,N/A,1997-10-08,,446.145,449.79,450.8725,442.88,452.0,6606981.0,2951116327.47,1.768,0.141,,43.214,11.405,2026-09-23 14:03:57,2026-09-24T02:03:56+08:00
TWST,US.TWST,Twist Bioscience,1,STOCK,N/A,2018-10-31,,159.525,164.35,166.3495,157.41,164.6,1319540.0,211907869.86,5.431,2.017,,-122.711,23.728,2026-09-23 14:03:55,2026-09-24T02:03:56+08:00
TXG,US.TXG,10x Genomics,1,STOCK,N/A,2019-09-12,,75.3,80.37,81.93,75.01,80.7,2003242.0,155189651.547,8.575,1.695,,-215.142,11.884,2026-09-23 14:03:49,2026-09-24T02:03:56+08:00
TXN,US.TXN,德州仪器,1,STOCK,N/A,2012-01-03,,270.83,272.41,272.41,266.6,271.41,2032753.0,548897606.993,2.141,0.223,,49.693,13.735,2026-09-23 14:03:52,2026-09-24T02:03:56+08:00
VCYT,US.VCYT,Veracyte,1,STOCK,N/A,1970-01-01,,42.89,42.95,43.71,42.25,43.36,782653.0,33694297.394,3.367,0.98,,52.304,2.483,2026-09-23 14:03:48,2026-09-24T02:03:56+08:00
VIS,US.VIS,工业股指数ETF-Vanguard,1,ETF,N/A,1970-01-01,,328.31,326.67,328.72,325.945,327.3778,69449.0,22770614.973,0.848,0.279,,nan,nan,2026-09-23 14:02:06,2026-09-24T02:03:56+08:00
VLUE,US.VLUE,iShares安硕MSCI美元价值因素,1,ETF,N/A,1970-01-01,,201.76,203.17,202.9,201.09,202.7,229631.0,46356953.33,0.893,0.481,,nan,nan,2026-09-23 14:03:30,2026-09-24T02:03:56+08:00
VOO,US.VOO,标普500ETF-Vanguard,1,ETF,N/A,1970-01-01,,708.09,712.18,712.37,706.3634,712.78,3065048.0,2174018016.33,0.843,0.201,,nan,nan,2026-09-23 14:03:52,2026-09-24T02:03:56+08:00
VRT,US.VRT,Vertiv Holdings,1,STOCK,N/A,2018-06-08,,250.43,254.21,254.96,248.75,253.46,2078069.0,522285543.042,2.45,0.541,,73.439,20.264,2026-09-23 14:03:44,2026-09-24T02:03:56+08:00
VT,US.VT,全球股市指数ETF-Vanguard,1,ETF,N/A,1970-01-01,,159.58,160.535,160.66,159.095,161.24,3548872.0,567830428.091,0.971,0.691,,nan,nan,2026-09-23 14:03:04,2026-09-24T02:03:56+08:00
XBI,US.XBI,标普生物科技ETF-SPDR,1,ETF,N/A,1970-01-01,,155.16,161.91,162.68,154.44,161.87,7550544.0,1188969883.626,5.091,11.44,,nan,nan,2026-09-23 14:03:44,2026-09-24T02:03:56+08:00
