ticker,date,reference_close,label,mature_at,first_touch,end_close_double,label_status,horizon,algorithm,probability,p30,p60,month,selected_algorithm,version,signal_eligible
AKAN,2026-04-30,48.96,0.0,2026-05-29,,0.0,mature_provider_daily_split_economic_touch,30,logistic,0.9205027388048964,0.9205027388048964,0.9390788477206126,2026-04,True,coverage_financial_split_heat_v4,False
TDIC,2026-05-13,23.05,,2026-06-12,,,unsupported_corporate_action,30,logistic,0.9999425740079142,0.9999425740079142,0.9999682091933859,2026-05,False,coverage_financial_split_heat_v4,False
CPOP,2026-06-10,1.52,,2026-07-10,,,unsupported_corporate_action,30,logistic,0.9163086299850363,0.9163086299850363,0.9345173440815888,2026-06,False,coverage_financial_split_heat_v4,False
STAK,2026-06-10,7.58,0.0,2026-07-10,,0.0,mature_provider_daily_split_economic_touch,30,logistic,0.8158944794740242,0.8158944794740242,0.9046386497415614,2026-06,False,coverage_financial_split_heat_v4,False
CPHI,2026-07-21,8.1,,2026-08-20,,,unsupported_corporate_action,30,logistic,0.963867808023445,0.963867808023445,0.9650796026101034,2026-07,True,coverage_financial_split_heat_v4,False
AIAI,2026-08-11,5.4,0.0,2026-09-10,,0.0,mature_provider_daily_split_economic_touch,30,logistic,0.9999999999990967,0.9999999999990967,1.0,2026-08,True,coverage_financial_split_heat_v4,False
SAFX,2026-04-13,1.05,0.0,2026-06-12,,0.0,mature_provider_daily_split_economic_touch,60,logistic,0.8352452497741547,0.5894289352178568,0.8352452497741547,2026-04,True,coverage_financial_split_heat_v4,False
AKAN,2026-04-29,25.99,1.0,2026-06-26,2026-04-30,0.0,mature_provider_daily_split_economic_touch,60,logistic,0.8032434458039419,0.7636657282079122,0.8032434458039419,2026-04,True,coverage_financial_split_heat_v4,False
TDIC,2026-05-13,23.05,,2026-07-10,,,unsupported_corporate_action,60,logistic,0.9999682091933859,0.9999425740079142,0.9999682091933859,2026-05,False,coverage_financial_split_heat_v4,False
CPOP,2026-06-10,1.52,,2026-08-07,,,unsupported_corporate_action,60,logistic,0.9345173440815888,0.9163086299850363,0.9345173440815888,2026-06,False,coverage_financial_split_heat_v4,False
STAK,2026-06-10,7.58,,2026-08-07,,,unsupported_corporate_action,60,logistic,0.9046386497415614,0.8158944794740242,0.9046386497415614,2026-06,False,coverage_financial_split_heat_v4,False
CAST,2026-06-12,1.55,,2026-08-11,,,unsupported_corporate_action,60,logistic,0.9017413682420488,0.7686004893480289,0.9017413682420488,2026-06,False,coverage_financial_split_heat_v4,False
CPHI,2026-07-21,8.1,,2026-09-18,,,unsupported_corporate_action,60,logistic,0.9650796026101034,0.963867808023445,0.9650796026101034,2026-07,True,coverage_financial_split_heat_v4,False
AIAI,2026-08-11,5.4,,2026-10-09,,,immature,60,logistic,1.0,0.9999999999990967,1.0,2026-08,True,coverage_financial_split_heat_v4,False
AVAT,2026-09-21,1.87,,2026-11-20,,,immature,60,logistic,0.8149088394680561,0.6064139849782965,0.8149088394680561,2026-09,False,coverage_financial_split_heat_v4,False
