horizon,algorithm,ticker,signals,tp,fp,unknown,precision,mean_estimated_probability,dates
30,logistic,AIAI,1,0,1,0,0.0,0.9999999999990968,['2026-08-11']
30,logistic,AKAN,1,0,1,0,0.0,0.9205027388048964,['2026-04-30']
30,logistic,CPHI,1,0,0,1,,0.963867808023445,['2026-07-21']
30,logistic,CPOP,1,0,0,1,,0.9163086299850364,['2026-06-10']
30,logistic,STAK,1,0,1,0,0.0,0.8158944794740242,['2026-06-10']
30,logistic,TDIC,1,0,0,1,,0.9999425740079142,['2026-05-13']
60,logistic,AIAI,1,0,0,1,,1.0,['2026-08-11']
60,logistic,AKAN,1,1,0,0,1.0,0.8032434458039419,['2026-04-29']
60,logistic,AVAT,1,0,0,1,,0.8149088394680561,['2026-09-21']
60,logistic,CAST,1,0,0,1,,0.9017413682420488,['2026-06-12']
60,logistic,CPHI,1,0,0,1,,0.9650796026101034,['2026-07-21']
60,logistic,CPOP,1,0,0,1,,0.9345173440815888,['2026-06-10']
60,logistic,SAFX,1,0,1,0,0.0,0.8352452497741547,['2026-04-13']
60,logistic,STAK,1,0,0,1,,0.9046386497415614,['2026-06-10']
60,logistic,TDIC,1,0,0,1,,0.999968209193386,['2026-05-13']
