target,week_start,first_session,last_session,route,algorithm,signals,tp,fp,pending,precision,baseline,lift
5d5pct,2026-04-27,2026-05-01,2026-05-01,hazard_linear,LogisticRegression,2,1,1,0,0.5,0.4656365284366959,0.034363471563304104
5d5pct,2026-04-27,2026-05-01,2026-05-01,relative_flow,LightGBM,5,5,0,0,1.0,0.6720407302752063,0.3279592697247937
5d5pct,2026-04-27,2026-05-01,2026-05-01,recovery_forest,ExtraTrees,2,2,0,0,1.0,0.7562337246219023,0.2437662753780977
5d5pct,2026-05-04,2026-05-04,2026-05-08,hazard_linear,LogisticRegression,19,13,6,0,0.6842105263157895,0.5501944108052421,0.13401611551054737
5d5pct,2026-05-04,2026-05-04,2026-05-08,relative_flow,LightGBM,55,44,11,0,0.8,0.6213575577133854,0.17864244228661463
5d5pct,2026-05-04,2026-05-04,2026-05-08,recovery_forest,ExtraTrees,20,16,4,0,0.8,0.6686764948875278,0.13132350511247226
5d5pct,2026-05-11,2026-05-11,2026-05-15,hazard_linear,LogisticRegression,18,9,9,0,0.5,0.5710710798033577,-0.0710710798033577
5d5pct,2026-05-11,2026-05-11,2026-05-15,relative_flow,LightGBM,94,52,42,0,0.5531914893617021,0.5807712607452666,-0.02757977138356449
5d5pct,2026-05-11,2026-05-11,2026-05-15,recovery_forest,ExtraTrees,31,20,11,0,0.6451612903225806,0.6610108265425725,-0.015849536219991855
5d5pct,2026-05-18,2026-05-18,2026-05-22,hazard_linear,LogisticRegression,19,16,3,0,0.8421052631578947,0.6802753162545984,0.16182994690329633
5d5pct,2026-05-18,2026-05-18,2026-05-22,relative_flow,LightGBM,60,52,8,0,0.8666666666666667,0.6246782526474334,0.24198841401923332
5d5pct,2026-05-18,2026-05-18,2026-05-22,recovery_forest,ExtraTrees,30,27,3,0,0.9,0.6748089001207676,0.22519109987923247
5d5pct,2026-05-25,2026-05-26,2026-05-29,hazard_linear,LogisticRegression,14,9,5,0,0.6428571428571429,0.7045440091461669,-0.06168686628902398
5d5pct,2026-05-25,2026-05-26,2026-05-29,relative_flow,LightGBM,36,26,10,0,0.7222222222222222,0.6244356191478685,0.09778660307435372
5d5pct,2026-05-25,2026-05-26,2026-05-29,recovery_forest,ExtraTrees,27,18,9,0,0.6666666666666666,0.6310507683830435,0.035615898283623104
5d5pct,2026-06-01,2026-06-01,2026-06-05,hazard_linear,LogisticRegression,0,0,0,0,,,
5d5pct,2026-06-01,2026-06-01,2026-06-05,relative_flow,LightGBM,148,71,72,5,0.4965034965034965,0.5455167025931996,-0.04901320608970311
5d5pct,2026-06-01,2026-06-01,2026-06-05,recovery_forest,ExtraTrees,141,72,62,7,0.5373134328358209,0.5693604541555789,-0.03204702131975801
5d5pct,2026-06-08,2026-06-08,2026-06-12,hazard_linear,LogisticRegression,0,0,0,0,,,
5d5pct,2026-06-08,2026-06-08,2026-06-12,relative_flow,LightGBM,182,144,26,12,0.8470588235294118,0.5310126160869376,0.31604620744247414
5d5pct,2026-06-08,2026-06-08,2026-06-12,recovery_forest,ExtraTrees,150,126,23,1,0.8456375838926175,0.5636807943357972,0.28195678955682024
5d5pct,2026-06-15,2026-06-15,2026-06-18,hazard_linear,LogisticRegression,0,0,0,0,,,
5d5pct,2026-06-15,2026-06-15,2026-06-18,relative_flow,LightGBM,90,62,26,2,0.7045454545454546,0.5578347678142911,0.1467106867311635
5d5pct,2026-06-15,2026-06-15,2026-06-18,recovery_forest,ExtraTrees,115,81,32,2,0.7168141592920354,0.5701087482396028,0.14670541105243262
5d5pct,2026-06-22,2026-06-22,2026-06-26,hazard_linear,LogisticRegression,0,0,0,0,,,
5d5pct,2026-06-22,2026-06-22,2026-06-26,relative_flow,LightGBM,137,87,48,2,0.6444444444444445,0.5531733561158884,0.09127108832855613
5d5pct,2026-06-22,2026-06-22,2026-06-26,recovery_forest,ExtraTrees,144,79,63,2,0.5563380281690141,0.5680050766959931,-0.011667048526978974
5d5pct,2026-06-29,2026-06-29,2026-07-02,hazard_linear,LogisticRegression,22,3,18,1,0.14285714285714285,0.6569576902670768,-0.514100547409934
5d5pct,2026-06-29,2026-06-29,2026-07-02,relative_flow,LightGBM,38,29,7,2,0.8055555555555556,0.5467213654290296,0.258834190126526
5d5pct,2026-06-29,2026-06-29,2026-07-02,recovery_forest,ExtraTrees,81,39,39,3,0.5,0.5855439681045999,-0.08554396810459985
5d5pct,2026-07-06,2026-07-06,2026-07-10,hazard_linear,LogisticRegression,51,39,11,1,0.78,0.6536751293559445,0.1263248706440555
5d5pct,2026-07-06,2026-07-06,2026-07-10,relative_flow,LightGBM,0,0,0,0,,,
5d5pct,2026-07-06,2026-07-06,2026-07-10,recovery_forest,ExtraTrees,24,13,11,0,0.5416666666666666,0.6979067616851772,-0.15624009501851055
5d5pct,2026-07-13,2026-07-13,2026-07-17,hazard_linear,LogisticRegression,42,29,13,0,0.6904761904761905,0.6700275625580723,0.02044862791811819
5d5pct,2026-07-13,2026-07-13,2026-07-17,relative_flow,LightGBM,0,0,0,0,,,
5d5pct,2026-07-13,2026-07-13,2026-07-17,recovery_forest,ExtraTrees,23,15,8,0,0.6521739130434783,0.7242120166102175,-0.07203810356673923
5d5pct,2026-07-20,2026-07-20,2026-07-24,hazard_linear,LogisticRegression,32,18,14,0,0.5625,0.6842766810437398,-0.12177668104373984
5d5pct,2026-07-20,2026-07-20,2026-07-24,relative_flow,LightGBM,0,0,0,0,,,
5d5pct,2026-07-20,2026-07-20,2026-07-24,recovery_forest,ExtraTrees,14,7,7,0,0.5,0.7396848703965802,-0.23968487039658015
5d5pct,2026-07-27,2026-07-27,2026-07-31,hazard_linear,LogisticRegression,63,53,10,0,0.8412698412698413,0.6464021481674631,0.19486769310237817
5d5pct,2026-07-27,2026-07-27,2026-07-31,relative_flow,LightGBM,0,0,0,0,,,
5d5pct,2026-07-27,2026-07-27,2026-07-31,recovery_forest,ExtraTrees,34,33,1,0,0.9705882352941176,0.6889937507723113,0.28159448452180635
5d5pct,2026-08-03,2026-08-03,2026-08-07,hazard_linear,LogisticRegression,0,0,0,0,,,
5d5pct,2026-08-03,2026-08-03,2026-08-07,relative_flow,LightGBM,2,2,0,0,1.0,0.765859180750952,0.23414081924904795
5d5pct,2026-08-03,2026-08-03,2026-08-07,recovery_forest,ExtraTrees,0,0,0,0,,,
5d5pct,2026-08-10,2026-08-10,2026-08-14,hazard_linear,LogisticRegression,0,0,0,0,,,
5d5pct,2026-08-10,2026-08-10,2026-08-14,relative_flow,LightGBM,3,3,0,0,1.0,0.7537186346610202,0.24628136533897982
5d5pct,2026-08-10,2026-08-10,2026-08-14,recovery_forest,ExtraTrees,0,0,0,0,,,
5d5pct,2026-08-17,2026-08-17,2026-08-21,hazard_linear,LogisticRegression,0,0,0,0,,,
5d5pct,2026-08-17,2026-08-17,2026-08-21,relative_flow,LightGBM,3,1,2,0,0.3333333333333333,0.7807455753837115,-0.44741224205037816
5d5pct,2026-08-17,2026-08-17,2026-08-21,recovery_forest,ExtraTrees,0,0,0,0,,,
5d5pct,2026-08-24,2026-08-24,2026-08-28,hazard_linear,LogisticRegression,0,0,0,0,,,
5d5pct,2026-08-24,2026-08-24,2026-08-28,relative_flow,LightGBM,2,2,0,0,1.0,0.7470914770402544,0.25290852295974564
5d5pct,2026-08-24,2026-08-24,2026-08-28,recovery_forest,ExtraTrees,0,0,0,0,,,
5d5pct,2026-08-31,2026-08-31,2026-09-04,hazard_linear,LogisticRegression,2,2,0,0,1.0,0.7324999810062147,0.2675000189937853
5d5pct,2026-08-31,2026-08-31,2026-09-04,relative_flow,LightGBM,5,5,0,0,1.0,0.7723311072617041,0.22766889273829594
5d5pct,2026-08-31,2026-08-31,2026-09-04,recovery_forest,ExtraTrees,8,8,0,0,1.0,0.7610927991540655,0.23890720084593453
5d5pct,2026-09-07,2026-09-08,2026-09-11,hazard_linear,LogisticRegression,1,1,0,0,1.0,0.8217794137758125,0.17822058622418746
5d5pct,2026-09-07,2026-09-08,2026-09-11,relative_flow,LightGBM,10,2,8,0,0.2,0.7304584072142877,-0.5304584072142877
5d5pct,2026-09-07,2026-09-08,2026-09-11,recovery_forest,ExtraTrees,13,3,10,0,0.23076923076923078,0.7152824947550928,-0.484513263985862
5d5pct,2026-09-14,2026-09-14,2026-09-18,hazard_linear,LogisticRegression,0,0,0,0,,,
5d5pct,2026-09-14,2026-09-14,2026-09-18,relative_flow,LightGBM,4,4,0,0,1.0,0.7262396768777257,0.2737603231222743
5d5pct,2026-09-14,2026-09-14,2026-09-18,recovery_forest,ExtraTrees,14,12,2,0,0.8571428571428571,0.6556614461695187,0.20148141097333838
5d5pct,2026-09-21,2026-09-21,2026-09-25,hazard_linear,LogisticRegression,0,0,0,0,,,
5d5pct,2026-09-21,2026-09-21,2026-09-25,relative_flow,LightGBM,3,3,0,0,1.0,0.7148978079158823,0.2851021920841177
5d5pct,2026-09-21,2026-09-21,2026-09-25,recovery_forest,ExtraTrees,14,7,2,5,0.7777777777777778,0.670968895892906,0.10680888188487181
5d5pct,2026-09-28,2026-09-28,2026-09-30,hazard_linear,LogisticRegression,0,0,0,0,,,
5d5pct,2026-09-28,2026-09-28,2026-09-30,relative_flow,LightGBM,10,0,0,10,,,
5d5pct,2026-09-28,2026-09-28,2026-09-30,recovery_forest,ExtraTrees,5,0,0,5,,,
10d10pct,2026-04-27,2026-05-01,2026-05-01,hazard_linear,LogisticRegression,1,1,0,0,1.0,0.7850804806374267,0.21491951936257325
10d10pct,2026-04-27,2026-05-01,2026-05-01,relative_flow,LightGBM,2,2,0,0,1.0,0.6167147710147889,0.3832852289852111
10d10pct,2026-04-27,2026-05-01,2026-05-01,recovery_forest,ExtraTrees,2,2,0,0,1.0,0.7352981290715959,0.26470187092840414
10d10pct,2026-05-04,2026-05-04,2026-05-08,hazard_linear,LogisticRegression,6,5,1,0,0.8333333333333334,0.7684863634488165,0.06484696988451688
10d10pct,2026-05-04,2026-05-04,2026-05-08,relative_flow,LightGBM,18,14,4,0,0.7777777777777778,0.5822491116832258,0.195528666094552
10d10pct,2026-05-04,2026-05-04,2026-05-08,recovery_forest,ExtraTrees,14,13,1,0,0.9285714285714286,0.6990017774703989,0.22956965110102967
10d10pct,2026-05-11,2026-05-11,2026-05-15,hazard_linear,LogisticRegression,5,5,0,0,1.0,0.7651675400110944,0.23483245998890556
10d10pct,2026-05-11,2026-05-11,2026-05-15,relative_flow,LightGBM,50,34,16,0,0.68,0.5876384702945882,0.0923615297054119
10d10pct,2026-05-11,2026-05-11,2026-05-15,recovery_forest,ExtraTrees,21,17,4,0,0.8095238095238095,0.6496613459764765,0.15986246354733302
10d10pct,2026-05-18,2026-05-18,2026-05-22,hazard_linear,LogisticRegression,10,10,0,0,1.0,0.7352981290715959,0.26470187092840414
10d10pct,2026-05-18,2026-05-18,2026-05-22,relative_flow,LightGBM,23,20,3,0,0.8695652173913043,0.6440416358665809,0.2255235815247234
10d10pct,2026-05-18,2026-05-18,2026-05-22,recovery_forest,ExtraTrees,22,21,1,0,0.9545454545454546,0.6457070776532604,0.3088383768921942
10d10pct,2026-05-25,2026-05-26,2026-05-29,hazard_linear,LogisticRegression,8,5,3,0,0.625,0.7352981290715959,-0.11029812907159586
10d10pct,2026-05-25,2026-05-26,2026-05-29,relative_flow,LightGBM,18,16,2,0,0.8888888888888888,0.5815576590768422,0.30733122981204664
10d10pct,2026-05-25,2026-05-26,2026-05-29,recovery_forest,ExtraTrees,20,15,5,0,0.75,0.5996624996816663,0.1503375003183337
10d10pct,2026-06-01,2026-06-01,2026-06-05,hazard_linear,LogisticRegression,15,7,8,0,0.4666666666666667,0.7091657700411808,-0.24249910337451408
10d10pct,2026-06-01,2026-06-01,2026-06-05,relative_flow,LightGBM,63,30,30,3,0.5,0.5427175926212073,-0.042717592621207334
10d10pct,2026-06-01,2026-06-01,2026-06-05,recovery_forest,ExtraTrees,22,14,8,0,0.6363636363636364,0.5982016654725058,0.0381619708911306
10d10pct,2026-06-08,2026-06-08,2026-06-12,hazard_linear,LogisticRegression,17,15,2,0,0.8823529411764706,0.7064068082129387,0.1759461329635319
10d10pct,2026-06-08,2026-06-08,2026-06-12,relative_flow,LightGBM,79,65,10,4,0.8666666666666667,0.5364577553623966,0.3302089113042701
10d10pct,2026-06-08,2026-06-08,2026-06-12,recovery_forest,ExtraTrees,31,28,3,0,0.9032258064516129,0.6002488542379709,0.30297695221364196
10d10pct,2026-06-15,2026-06-15,2026-06-18,hazard_linear,LogisticRegression,17,5,12,0,0.29411764705882354,0.6299452728811855,-0.335827625822362
10d10pct,2026-06-15,2026-06-15,2026-06-18,relative_flow,LightGBM,21,9,12,0,0.42857142857142855,0.5756602850492284,-0.14708885647779985
10d10pct,2026-06-15,2026-06-15,2026-06-18,recovery_forest,ExtraTrees,14,3,11,0,0.21428571428571427,0.6212693403489703,-0.406983626063256
10d10pct,2026-06-22,2026-06-22,2026-06-26,hazard_linear,LogisticRegression,21,6,15,0,0.2857142857142857,0.6211535795942679,-0.33543929387998217
10d10pct,2026-06-22,2026-06-22,2026-06-26,relative_flow,LightGBM,61,19,35,7,0.35185185185185186,0.5433368205411656,-0.19148496868931375
10d10pct,2026-06-22,2026-06-22,2026-06-26,recovery_forest,ExtraTrees,17,4,13,0,0.23529411764705882,0.6520011042055879,-0.41670698655852906
10d10pct,2026-06-29,2026-06-29,2026-07-02,hazard_linear,LogisticRegression,44,5,35,4,0.125,0.5802902693487627,-0.4552902693487627
10d10pct,2026-06-29,2026-06-29,2026-07-02,relative_flow,LightGBM,24,7,14,3,0.3333333333333333,0.6072495281212191,-0.2739161947878858
10d10pct,2026-06-29,2026-06-29,2026-07-02,recovery_forest,ExtraTrees,19,4,14,1,0.2222222222222222,0.6482409451470402,-0.426018722924818
10d10pct,2026-07-06,2026-07-06,2026-07-10,hazard_linear,LogisticRegression,94,38,52,4,0.4222222222222222,0.5699053648701639,-0.14768314264794163
10d10pct,2026-07-06,2026-07-06,2026-07-10,relative_flow,LightGBM,19,7,12,0,0.3684210526315789,0.6543493621911142,-0.28592830955953524
10d10pct,2026-07-06,2026-07-06,2026-07-10,recovery_forest,ExtraTrees,19,6,13,0,0.3157894736842105,0.6824436866559791,-0.3666542129717686
10d10pct,2026-07-13,2026-07-13,2026-07-17,hazard_linear,LogisticRegression,84,38,46,0,0.4523809523809524,0.5795387388703845,-0.12715778648943216
10d10pct,2026-07-13,2026-07-13,2026-07-17,relative_flow,LightGBM,27,16,11,0,0.5925925925925926,0.5851694734576245,0.00742311913496807
10d10pct,2026-07-13,2026-07-13,2026-07-17,recovery_forest,ExtraTrees,13,6,7,0,0.46153846153846156,0.7277721886136962,-0.2662337270752346
10d10pct,2026-07-20,2026-07-20,2026-07-24,hazard_linear,LogisticRegression,70,36,34,0,0.5142857142857142,0.6012364488639756,-0.08695073457826141
10d10pct,2026-07-20,2026-07-20,2026-07-24,relative_flow,LightGBM,17,13,4,0,0.7647058823529411,0.66333077067649,0.10137511167645108
10d10pct,2026-07-20,2026-07-20,2026-07-24,recovery_forest,ExtraTrees,9,9,0,0,1.0,0.781077580620832,0.218922419379168
10d10pct,2026-07-27,2026-07-27,2026-07-31,hazard_linear,LogisticRegression,101,90,11,0,0.8910891089108911,0.556846109978546,0.3342429989323451
10d10pct,2026-07-27,2026-07-27,2026-07-31,relative_flow,LightGBM,36,35,1,0,0.9722222222222222,0.6150963861078504,0.35712583611437176
10d10pct,2026-07-27,2026-07-27,2026-07-31,recovery_forest,ExtraTrees,17,17,0,0,1.0,0.7290359983263656,0.27096400167363444
10d10pct,2026-08-03,2026-08-03,2026-08-07,hazard_linear,LogisticRegression,0,0,0,0,,,
10d10pct,2026-08-03,2026-08-03,2026-08-07,relative_flow,LightGBM,0,0,0,0,,,
10d10pct,2026-08-03,2026-08-03,2026-08-07,recovery_forest,ExtraTrees,0,0,0,0,,,
10d10pct,2026-08-10,2026-08-10,2026-08-14,hazard_linear,LogisticRegression,0,0,0,0,,,
10d10pct,2026-08-10,2026-08-10,2026-08-14,relative_flow,LightGBM,0,0,0,0,,,
10d10pct,2026-08-10,2026-08-10,2026-08-14,recovery_forest,ExtraTrees,0,0,0,0,,,
10d10pct,2026-08-17,2026-08-17,2026-08-21,hazard_linear,LogisticRegression,0,0,0,0,,,
10d10pct,2026-08-17,2026-08-17,2026-08-21,relative_flow,LightGBM,0,0,0,0,,,
10d10pct,2026-08-17,2026-08-17,2026-08-21,recovery_forest,ExtraTrees,0,0,0,0,,,
10d10pct,2026-08-24,2026-08-24,2026-08-28,hazard_linear,LogisticRegression,0,0,0,0,,,
10d10pct,2026-08-24,2026-08-24,2026-08-28,relative_flow,LightGBM,0,0,0,0,,,
10d10pct,2026-08-24,2026-08-24,2026-08-28,recovery_forest,ExtraTrees,0,0,0,0,,,
10d10pct,2026-08-31,2026-08-31,2026-09-04,hazard_linear,LogisticRegression,2,2,0,0,1.0,0.709465137067938,0.290534862932062
10d10pct,2026-08-31,2026-08-31,2026-09-04,relative_flow,LightGBM,2,2,0,0,1.0,0.8141423321414383,0.18585766785856173
10d10pct,2026-08-31,2026-08-31,2026-09-04,recovery_forest,ExtraTrees,0,0,0,0,,,
10d10pct,2026-09-07,2026-09-08,2026-09-11,hazard_linear,LogisticRegression,1,1,0,0,1.0,0.8030999205403259,0.19690007945967414
10d10pct,2026-09-07,2026-09-08,2026-09-11,relative_flow,LightGBM,2,2,0,0,1.0,0.8120729042510926,0.18792709574890742
10d10pct,2026-09-07,2026-09-08,2026-09-11,recovery_forest,ExtraTrees,1,1,0,0,1.0,0.8073698847834724,0.19263011521652762
10d10pct,2026-09-14,2026-09-14,2026-09-18,hazard_linear,LogisticRegression,0,0,0,0,,,
10d10pct,2026-09-14,2026-09-14,2026-09-18,relative_flow,LightGBM,1,1,0,0,1.0,0.7994537147397696,0.20054628526023044
10d10pct,2026-09-14,2026-09-14,2026-09-18,recovery_forest,ExtraTrees,0,0,0,0,,,
10d10pct,2026-09-21,2026-09-21,2026-09-25,hazard_linear,LogisticRegression,0,0,0,0,,,
10d10pct,2026-09-21,2026-09-21,2026-09-25,relative_flow,LightGBM,0,0,0,0,,,
10d10pct,2026-09-21,2026-09-21,2026-09-25,recovery_forest,ExtraTrees,0,0,0,0,,,
10d10pct,2026-09-28,2026-09-28,2026-09-30,hazard_linear,LogisticRegression,0,0,0,0,,,
10d10pct,2026-09-28,2026-09-28,2026-09-30,relative_flow,LightGBM,0,0,0,0,,,
10d10pct,2026-09-28,2026-09-28,2026-09-30,recovery_forest,ExtraTrees,0,0,0,0,,,
